company_name,url
Smartcore,https://www.ingredientsnetwork.com/smartcore-comp302788.html
Uelzena EG,https://www.ingredientsnetwork.com/uelzena-eg-comp249295.html
"Shanghai Jinli Pharmaceutical Co.,ltd",https://www.ingredientsnetwork.com/shanghai-jinli-pharmaceutical-co-ltd-comp325261.html
Heterochem,https://www.ingredientsnetwork.com/heterochem-comp475810.html
10KATE Laboratories,https://www.ingredientsnetwork.com/10kate-laboratories-comp320097.html
1Q Health GMBH,https://www.ingredientsnetwork.com/1q-health-gmbh-comp319830.html
3A Biotech SL,https://www.ingredientsnetwork.com/3a-biotech-sl-comp284563.html
3H LABS,https://www.ingredientsnetwork.com/3h-labs-comp319623.html
3V Tech S.p.A.,https://www.ingredientsnetwork.com/3v-tech-s-p-a-comp316098.html
4A24,https://www.ingredientsnetwork.com/4a24-comp327470.html
4POTENTIA,https://www.ingredientsnetwork.com/4potentia-comp475332.html
4U Pharma GmbH,https://www.ingredientsnetwork.com/4u-pharma-gmbh-comp323072.html
1-2-Taste,https://www.ingredientsnetwork.com/1-2-taste-comp296460.html
100% Amazonia,https://www.ingredientsnetwork.com/100-amazonia-comp324355.html
1001 Organics,https://www.ingredientsnetwork.com/1001-organics-comp324168.html
100X Ayurveda Pvt Ltd,https://www.ingredientsnetwork.com/100x-ayurveda-pvt-ltd-comp323590.html
2Wheat,https://www.ingredientsnetwork.com/2wheat-comp307724.html
"3 Seasons Fruit Industry Co., Ltd.",https://www.ingredientsnetwork.com/3-seasons-fruit-industry-co-ltd-comp267279.html
"3 SEASONS HOLDING CO., LTD.",https://www.ingredientsnetwork.com/3-seasons-holding-co-ltd-comp319462.html
"3.0.TH (HIVES BIO, S.L.)",https://www.ingredientsnetwork.com/3-0-th-hives-bio-s-l-comp477911.html
"366 Pharma (Nanjing) Co., Ltd.",https://www.ingredientsnetwork.com/366-pharma-nanjing-co-ltd-comp250088.html
3GR Agro LLP,https://www.ingredientsnetwork.com/3gr-agro-llp-comp272863.html
4 Seasons Mediterranean Aromas,https://www.ingredientsnetwork.com/4-seasons-mediterranean-aromas-comp308301.html
4UPharma d.o.o.,https://www.ingredientsnetwork.com/4upharma-d-o-o-comp307362.html
65 Oats,https://www.ingredientsnetwork.com/65-oats-comp301854.html
65 Oats by Kinnusen Mylly,https://www.ingredientsnetwork.com/65-oats-by-kinnusen-mylly-comp270079.html
Aadi Giri Pvt Ltd,https://www.ingredientsnetwork.com/aadi-giri-pvt-ltd-comp322378.html
Aadvik Foods & Products Pvt Ltd,https://www.ingredientsnetwork.com/aadvik-foods-products-pvt-ltd-comp322379.html
"AAFUD INDUSTRY(ZHUHAI) CO., LTD",https://www.ingredientsnetwork.com/aafud-industryzhuhai-co-ltd-comp281567.html
AAK,https://www.ingredientsnetwork.com/aak-comp248800.html
AAK,https://www.ingredientsnetwork.com/aak-comp479031.html
Aarkay Food Products Ltd,https://www.ingredientsnetwork.com/aarkay-food-products-ltd-comp266954.html
Aarti Pharmalabs Limited,https://www.ingredientsnetwork.com/aarti-pharmalabs-limited-comp279191.html
Aavishkar Oral Strips Pvt ltd,https://www.ingredientsnetwork.com/aavishkar-oral-strips-pvt-ltd-comp324212.html
AAK,https://www.ingredientsnetwork.com/aak-comp249379.html
AAK DO BRASIL INDUSTRIA E COMERCIO DE OLEOS VEGETAIS LTDA,https://www.ingredientsnetwork.com/aak-do-brasil-industria-e-comercio-de-oleos-comp281543.html
AAK Kamani Pvt. Ltd.,https://www.ingredientsnetwork.com/aak-kamani-pvt-ltd-comp269040.html
AAK MALAYSIA Sdn Bhd,https://www.ingredientsnetwork.com/aak-malaysia-sdn-bhd-comp281674.html
AAK Singpore,https://www.ingredientsnetwork.com/aak-singpore-comp314001.html
AAK-Malaysia,https://www.ingredientsnetwork.com/aak-malaysia-comp250403.html
Aakansha Naturprodukte GmbH,https://www.ingredientsnetwork.com/aakansha-naturprodukte-gmbh-comp318915.html
Aarnik Phytochem Ingredients LLP,https://www.ingredientsnetwork.com/aarnik-phytochem-ingredients-llp-comp314052.html
AARNIKA HERBA-NUTRA PRODUCTS PVT. LTD.,https://www.ingredientsnetwork.com/aarnika-herba-nutra-products-pvt-ltd-comp327576.html
BABA SIDI HERBS,https://www.ingredientsnetwork.com/baba-sidi-herbs-comp324208.html
Bacfo Pharmaceuticals India Ltd,https://www.ingredientsnetwork.com/bacfo-pharmaceuticals-india-ltd-comp323176.html
"BAHTERA ADI JAYA,PT",https://www.ingredientsnetwork.com/bahtera-adi-jaya-pt-comp477851.html
"Baichuan Bio-Technology Co.,Ltd.",https://www.ingredientsnetwork.com/baichuan-bio-technology-co-ltd-comp267949.html
Bajaj Nutraceuticals,https://www.ingredientsnetwork.com/bajaj-nutraceuticals-comp481315.html
Bakearts Endüstriyel Gida ve Sanayi Ltd. Sti,https://www.ingredientsnetwork.com/bakearts-endustriyel-gida-ve-sanayi-ltd-sti-comp475588.html
Bakker Seeds,https://www.ingredientsnetwork.com/bakker-seeds-comp248720.html
Balaji Enzyme and Chemical Pvt Ltd,https://www.ingredientsnetwork.com/balaji-enzyme-and-chemical-pvt-ltd-comp479498.html
Balchem Corporation,https://www.ingredientsnetwork.com/balchem-corporation-comp475339.html
BALCHEM CORPORATION,https://www.ingredientsnetwork.com/balchem-corporation-comp314762.html
Baltic Seaberry,https://www.ingredientsnetwork.com/baltic-seaberry-comp328356.html
BaltMilk,https://www.ingredientsnetwork.com/baltmilk-comp294193.html
BanaGel Company Limited,https://www.ingredientsnetwork.com/banagel-company-limited-comp314006.html
"Bangja Inti Ingridien, PT",https://www.ingredientsnetwork.com/bangja-inti-ingridien-pt-comp273536.html
Bankom Group,https://www.ingredientsnetwork.com/bankom-group-comp248722.html
BannerBio USA Inc,https://www.ingredientsnetwork.com/bannerbio-usa-inc-comp289853.html
"Baoding Weijia Food Ingredients Co.,Ltd",https://www.ingredientsnetwork.com/baoding-weijia-food-ingredients-co-ltd-comp269048.html
"Baoji Earay Bio-tech Co., Ltd",https://www.ingredientsnetwork.com/baoji-earay-bio-tech-co-ltd-comp317472.html
"Baolingbao Biology Co., Ltd.",https://www.ingredientsnetwork.com/baolingbao-biology-co-ltd-comp249440.html
Barentz Distribution India Private Limited,https://www.ingredientsnetwork.com/barentz-distribution-india-private-limited-comp322382.html
Barentz India Pvt Ltd,https://www.ingredientsnetwork.com/barentz-india-pvt-ltd-comp480578.html
Barentz International B.V.,https://www.ingredientsnetwork.com/barentz-international-b-v-comp249911.html
Bariatrix Europe,https://www.ingredientsnetwork.com/bariatrix-europe-comp312834.html
Bars production,https://www.ingredientsnetwork.com/bars-production-comp307472.html
Bart,https://www.ingredientsnetwork.com/bart-comp251036.html
Bartek Ingredients Inc,https://www.ingredientsnetwork.com/bartek-ingredients-inc-comp281261.html
BASF,https://www.ingredientsnetwork.com/basf-comp319026.html
Basic Nutrition Co. Ltd,https://www.ingredientsnetwork.com/basic-nutrition-co-ltd-comp314047.html
Basic Nutrition Co. Ltd,https://www.ingredientsnetwork.com/basic-nutrition-co-ltd-comp249754.html
"BATANG ALUM INDUSTRIE, PT",https://www.ingredientsnetwork.com/batang-alum-industrie-pt-comp481702.html
Baumgartner,https://www.ingredientsnetwork.com/baumgartner-comp248727.html
Bayerische Milchindustrie eG,https://www.ingredientsnetwork.com/bayerische-milchindustrie-eg-comp248775.html
"Ba Dinh Food Technology Co., Ltd (BFCHEM)",https://www.ingredientsnetwork.com/ba-dinh-food-technology-co-ltd-bfchem-comp289336.html
Baba Products (M) Sdn Bhd,https://www.ingredientsnetwork.com/baba-products-m-sdn-bhd-comp282153.html
BADE Kimyevi Maddeler Arastirma Ve Gelistirme Tic. Ve San. A.S.,https://www.ingredientsnetwork.com/bade-kimyevi-maddeler-arastirma-ve-gelistirme-tic-comp268023.html
Bagora Dehydrates,https://www.ingredientsnetwork.com/bagora-dehydrates-comp270150.html
BAIEO,https://www.ingredientsnetwork.com/baieo-comp302487.html
Bajaj Healthcare Ltd.,https://www.ingredientsnetwork.com/bajaj-healthcare-ltd-comp309030.html
Bakels Sweden,https://www.ingredientsnetwork.com/bakels-sweden-comp301930.html
Bakeries Group Jeurgens,https://www.ingredientsnetwork.com/bakeries-group-jeurgens-comp281355.html
Baking with Lesaffre,https://www.ingredientsnetwork.com/baking-with-lesaffre-comp301341.html
Balchem,https://www.ingredientsnetwork.com/balchem-comp248721.html
Balchem Encapsulates,https://www.ingredientsnetwork.com/balchem-encapsulates-comp251481.html
Balkan Agricultural Ltd.,https://www.ingredientsnetwork.com/balkan-agricultural-ltd-comp326631.html
BALTIC STICKS,https://www.ingredientsnetwork.com/baltic-sticks-comp284552.html
Baltimere Invest AS,https://www.ingredientsnetwork.com/baltimere-invest-as-comp294188.html
BannerBio Nutraceutical Inc.,https://www.ingredientsnetwork.com/bannerbio-nutraceutical-inc-comp296137.html
"Banpong Tapioca Flour Industrial Co,. Ltd.",https://www.ingredientsnetwork.com/banpong-tapioca-flour-industrial-co-ltd-comp282601.html
BanQu,https://www.ingredientsnetwork.com/banqu-comp315847.html
Banzan Endüstriyel Çözümler San ve Tic Ltd Sti,https://www.ingredientsnetwork.com/banzan-endustriyel-cozumler-san-ve-tic-ltd-sti-comp316228.html
"BAOJI OASIER NUTRI-TECH CO., LTD",https://www.ingredientsnetwork.com/baoji-oasier-nutri-tech-co-ltd-comp243286.html
Barakat-Isfara LLC,https://www.ingredientsnetwork.com/barakat-isfara-llc-comp476371.html
Barcelonesa,https://www.ingredientsnetwork.com/barcelonesa-comp267994.html
Barentz Asia Pacific Pte. Ltd.,https://www.ingredientsnetwork.com/barentz-asia-pacific-pte-ltd-comp289710.html
Barentz Asia Pacific Pte. Ltd.,https://www.ingredientsnetwork.com/barentz-asia-pacific-pte-ltd-comp305750.html
Barentz International BV,https://www.ingredientsnetwork.com/barentz-international-bv-comp249129.html
"Barentz Vietnam Co., Ltd",https://www.ingredientsnetwork.com/barentz-vietnam-co-ltd-comp272196.html
Bargus Europe Oy,https://www.ingredientsnetwork.com/bargus-europe-oy-comp263145.html
Barrett Dixon Bell (BDB),https://www.ingredientsnetwork.com/barrett-dixon-bell-bdb-comp317901.html
Barrique GmbH,https://www.ingredientsnetwork.com/barrique-gmbh-comp267992.html
Barry Callebaut Belgium NV,https://www.ingredientsnetwork.com/barry-callebaut-belgium-nv-comp248723.html
Bartek Ingredients Inc.,https://www.ingredientsnetwork.com/bartek-ingredients-inc-comp319468.html
BASF,https://www.ingredientsnetwork.com/basf-comp256445.html
BASF (Thai) Ltd.,https://www.ingredientsnetwork.com/basf-thai-ltd-comp250421.html
"BASF Indonesia, PT",https://www.ingredientsnetwork.com/basf-indonesia-pt-comp256189.html
BASF South East Asia Pte. Ltd.,https://www.ingredientsnetwork.com/basf-south-east-asia-pte-ltd-comp475670.html
BASF Southeast Asia Pte. Ltd.,https://www.ingredientsnetwork.com/basf-southeast-asia-pte-ltd-comp280168.html
Basic American Foods,https://www.ingredientsnetwork.com/basic-american-foods-comp248726.html
Bauckhof Muhle,https://www.ingredientsnetwork.com/bauckhof-muhle-comp287000.html
Bauer Media KG,https://www.ingredientsnetwork.com/bauer-media-kg-comp324358.html
Bayerische Milchindustrie eG,https://www.ingredientsnetwork.com/bayerische-milchindustrie-eg-comp326930.html
Bayernwald Fruchteverwertung KG,https://www.ingredientsnetwork.com/bayernwald-fruchteverwertung-kg-comp248688.html
Bayn Europe AB,https://www.ingredientsnetwork.com/bayn-europe-ab-comp272818.html
"Cabio Biotech(wuhan)co.,ltd",https://www.ingredientsnetwork.com/cabio-biotechwuhanco-ltd-comp249442.html
Cactus Botanics GE GmbH,https://www.ingredientsnetwork.com/cactus-botanics-ge-gmbh-comp309620.html
CADIR LAB S.R.L.,https://www.ingredientsnetwork.com/cadir-lab-s-r-l-comp327368.html
Cafosa Gum,https://www.ingredientsnetwork.com/cafosa-gum-comp325631.html
Caldic,https://www.ingredientsnetwork.com/caldic-comp251479.html
"CALDIC DISTRIBUTOR INDONESIA,PT",https://www.ingredientsnetwork.com/caldic-distributor-indonesia-pt-comp477082.html
Caldic Specialities India Private Limited,https://www.ingredientsnetwork.com/caldic-specialities-india-private-limited-comp479499.html
CALIFORNIA NATURAL COLOR,https://www.ingredientsnetwork.com/california-natural-color-comp286754.html
California Walnut Commission,https://www.ingredientsnetwork.com/california-walnut-commission-comp248750.html
Caltron Clays & Chemicals Pvt. Ltd.,https://www.ingredientsnetwork.com/caltron-clays-chemicals-pvt-ltd-comp309032.html
CAM - A.M.R.P.,https://www.ingredientsnetwork.com/cam-a-m-r-p-comp324224.html
Cambridge Commodities,https://www.ingredientsnetwork.com/cambridge-commodities-comp255042.html
Camlin Fine Sciences Ltd,https://www.ingredientsnetwork.com/camlin-fine-sciences-ltd-comp248751.html
Canaan,https://www.ingredientsnetwork.com/canaan-comp309284.html
Canadian Food Exporters Association,https://www.ingredientsnetwork.com/canadian-food-exporters-association-comp248756.html
Canah International,https://www.ingredientsnetwork.com/canah-international-comp270900.html
Canberra Chemicals,https://www.ingredientsnetwork.com/canberra-chemicals-comp308390.html
Cand'Art NV,https://www.ingredientsnetwork.com/cand-art-nv-comp476730.html
Candy Glam,https://www.ingredientsnetwork.com/candy-glam-comp477754.html
Cannordic a/s,https://www.ingredientsnetwork.com/cannordic-a-s-comp307406.html
Capol,https://www.ingredientsnetwork.com/capol-comp248759.html
Capricorn Life Sciences B.V,https://www.ingredientsnetwork.com/capricorn-life-sciences-b-v-comp323074.html
Capsugel,https://www.ingredientsnetwork.com/capsugel-comp324264.html
Capsugel Lonza,https://www.ingredientsnetwork.com/capsugel-lonza-comp475311.html
Capsularis,https://www.ingredientsnetwork.com/capsularis-comp480800.html
CAPSULIT GIGLIOLI SRL,https://www.ingredientsnetwork.com/capsulit-giglioli-srl-comp307407.html
Captech Systems,https://www.ingredientsnetwork.com/captech-systems-comp481457.html
Caramelos Cerdan SL,https://www.ingredientsnetwork.com/caramelos-cerdan-sl-comp326232.html
Carbery Food Ingredients Ltd.,https://www.ingredientsnetwork.com/carbery-food-ingredients-ltd-comp248881.html
CAREGEN CO LTD,https://www.ingredientsnetwork.com/caregen-co-ltd-comp304735.html
CARGILL NV,https://www.ingredientsnetwork.com/cargill-nv-comp248882.html
Carl J. Nielsen & Son A/S,https://www.ingredientsnetwork.com/carl-j-nielsen-son-a-s-comp481266.html
CARLO SESSA SPA,https://www.ingredientsnetwork.com/carlo-sessa-spa-comp477913.html
Carnad A/S,https://www.ingredientsnetwork.com/carnad-a-s-comp475888.html
"Cartino Gelatin Co.,Ltd.",https://www.ingredientsnetwork.com/cartino-gelatin-co-ltd-comp250436.html
Casa Santiveri SL,https://www.ingredientsnetwork.com/casa-santiveri-sl-comp326233.html
Cassia Co-op (Head Office),https://www.ingredientsnetwork.com/cassia-co-op-head-office-comp481661.html
CASTLE INGREDIENTS,https://www.ingredientsnetwork.com/castle-ingredients-comp308758.html
Catalent Consumer Health,https://www.ingredientsnetwork.com/catalent-consumer-health-comp326410.html
Catalent Pharma Solutions,https://www.ingredientsnetwork.com/catalent-pharma-solutions-comp250281.html
Catalina Food Solutions,https://www.ingredientsnetwork.com/catalina-food-solutions-comp326010.html
Catalo Health Science Ltd.,https://www.ingredientsnetwork.com/catalo-health-science-ltd-comp477954.html
CA Flavor Sdn. Bhd.,https://www.ingredientsnetwork.com/ca-flavor-sdn-bhd-comp306088.html
Cachet Pharmaceuticals Pvt Ltd,https://www.ingredientsnetwork.com/cachet-pharmaceuticals-pvt-ltd-comp321475.html
Cactus Botanics GE GmbH,https://www.ingredientsnetwork.com/cactus-botanics-ge-gmbh-comp317477.html
Caffe Inc. BV,https://www.ingredientsnetwork.com/caffe-inc-bv-comp324626.html
Caffe Ink,https://www.ingredientsnetwork.com/caffe-ink-comp285168.html
"Cahaya Gemerlang, PT",https://www.ingredientsnetwork.com/cahaya-gemerlang-pt-comp316013.html
"Calconut, S.L.",https://www.ingredientsnetwork.com/calconut-s-l-comp306941.html
California Agricultural Export Council,https://www.ingredientsnetwork.com/california-agricultural-export-council-comp327580.html
California Milk Advisory,https://www.ingredientsnetwork.com/california-milk-advisory-comp305128.html
CALIFORNIA MILK ADVISORY BOARD,https://www.ingredientsnetwork.com/california-milk-advisory-board-comp291253.html
Caliskan Tarim Ltd,https://www.ingredientsnetwork.com/caliskan-tarim-ltd-comp268338.html
Calpro Specialities Pvt Ltd,https://www.ingredientsnetwork.com/calpro-specialities-pvt-ltd-comp250658.html
Calspar India,https://www.ingredientsnetwork.com/calspar-india-comp324255.html
CALTRON OVERSEAS LLC,https://www.ingredientsnetwork.com/caltron-overseas-llc-comp307405.html
Cambridge Nutraceuticals,https://www.ingredientsnetwork.com/cambridge-nutraceuticals-comp309033.html
Camelina Company España,https://www.ingredientsnetwork.com/camelina-company-espana-comp270697.html
Camfarm,https://www.ingredientsnetwork.com/camfarm-comp285260.html
Campden BRI,https://www.ingredientsnetwork.com/campden-bri-comp248752.html
Campisi Citrus,https://www.ingredientsnetwork.com/campisi-citrus-comp303835.html
Campo Rico,https://www.ingredientsnetwork.com/campo-rico-comp302488.html
Campus Srl,https://www.ingredientsnetwork.com/campus-srl-comp249992.html
Camstar,https://www.ingredientsnetwork.com/camstar-comp282907.html
"Canaan Enterprise (Thailand) Co.,Ltd.",https://www.ingredientsnetwork.com/canaan-enterprise-thailand-co-ltd-comp314262.html
"Canada Greenfield Natural Health Products Co.,Ltd.",https://www.ingredientsnetwork.com/canada-greenfield-natural-health-products-co-ltd-comp268484.html
Canadian Lifestyle,https://www.ingredientsnetwork.com/canadian-lifestyle-comp326389.html
Candeco,https://www.ingredientsnetwork.com/candeco-comp248880.html
CanMar Foods Ltd.,https://www.ingredientsnetwork.com/canmar-foods-ltd-comp284426.html
Cann Edenn,https://www.ingredientsnetwork.com/cann-edenn-comp282029.html
Cano-Ela B.V.,https://www.ingredientsnetwork.com/cano-ela-b-v-comp308006.html
CANTINE BRUSA SPA,https://www.ingredientsnetwork.com/cantine-brusa-spa-comp279209.html
CAPSA,https://www.ingredientsnetwork.com/capsa-comp268977.html
CAPSUGEL,https://www.ingredientsnetwork.com/capsugel-comp250366.html
Capsula GmbH,https://www.ingredientsnetwork.com/capsula-gmbh-comp249739.html
Capsularis,https://www.ingredientsnetwork.com/capsularis-comp480831.html
Capsularis,https://www.ingredientsnetwork.com/capsularis-comp480833.html
Capsularis,https://www.ingredientsnetwork.com/capsularis-comp480834.html
"Capsule Products Co., Ltd.",https://www.ingredientsnetwork.com/capsule-products-co-ltd-comp326932.html
Capuzzo Srl,https://www.ingredientsnetwork.com/capuzzo-srl-comp316229.html
Caramuru Alimentos S.A.,https://www.ingredientsnetwork.com/caramuru-alimentos-s-a-comp280711.html
CARBET MEDICA SRL,https://www.ingredientsnetwork.com/carbet-medica-srl-comp319875.html
Carbiotix AB,https://www.ingredientsnetwork.com/carbiotix-ab-comp320009.html
Carbonitalia SRL,https://www.ingredientsnetwork.com/carbonitalia-srl-comp263142.html
Cardex,https://www.ingredientsnetwork.com/cardex-comp324360.html
Caredin Pty Ltd,https://www.ingredientsnetwork.com/caredin-pty-ltd-comp280182.html
Caremoli Guar Industry Pvt Ltd,https://www.ingredientsnetwork.com/caremoli-guar-industry-pvt-ltd-comp320096.html
Caremoli Middle East Food Ingredients L.L.C,https://www.ingredientsnetwork.com/caremoli-middle-east-food-ingredients-l-l-c-comp475578.html
Caremoli SPA,https://www.ingredientsnetwork.com/caremoli-spa-comp248764.html
Cargill Asia Pacific Holdings Pte Ltd,https://www.ingredientsnetwork.com/cargill-asia-pacific-holdings-pte-ltd-comp272305.html
Cargill Inc. - Epicor,https://www.ingredientsnetwork.com/cargill-inc-epicor-comp306507.html
Carletti A/S,https://www.ingredientsnetwork.com/carletti-a-s-comp280944.html
Carmi Flavor & Fragance Co. Inc.,https://www.ingredientsnetwork.com/carmi-flavor-fragance-co-inc-comp309621.html
Carniolus,https://www.ingredientsnetwork.com/carniolus-comp319445.html
Caro Nut Georgia LLC,https://www.ingredientsnetwork.com/caro-nut-georgia-llc-comp251065.html
Carobingredients,https://www.ingredientsnetwork.com/carobingredients-comp290642.html
CarobWay,https://www.ingredientsnetwork.com/carobway-comp307408.html
CAROTEX Flavours,https://www.ingredientsnetwork.com/carotex-flavours-comp248884.html
CAROUBE DISTRIB,https://www.ingredientsnetwork.com/caroube-distrib-comp476890.html
Caruso's Natural Health,https://www.ingredientsnetwork.com/caruso-s-natural-health-comp272645.html
Casa Della Mandorla,https://www.ingredientsnetwork.com/casa-della-mandorla-comp291164.html
CasaLuker Cacao Fino de Aroma,https://www.ingredientsnetwork.com/casaluker-cacao-fino-de-aroma-comp248765.html
Casillo Next Gen Food SRL,https://www.ingredientsnetwork.com/casillo-next-gen-food-srl-comp304650.html
CASPA FOOD,https://www.ingredientsnetwork.com/caspa-food-comp282205.html
Castle Dairy®,https://www.ingredientsnetwork.com/castle-dairy-comp295277.html
Catalent Consumer Health,https://www.ingredientsnetwork.com/catalent-consumer-health-comp326411.html
Catalo Health Science Ltd.,https://www.ingredientsnetwork.com/catalo-health-science-ltd-comp477956.html
Catalysis S.L.,https://www.ingredientsnetwork.com/catalysis-s-l-comp314778.html
Cathliro,https://www.ingredientsnetwork.com/cathliro-comp317837.html
Cattleya&Rose Gourmet Foods Trading,https://www.ingredientsnetwork.com/cattleya-rose-gourmet-foods-trading-comp324170.html
Daabon Europa GmbH,https://www.ingredientsnetwork.com/daabon-europa-gmbh-comp248907.html
DACSA GROUP,https://www.ingredientsnetwork.com/dacsa-group-comp268979.html
DAEHAN CHEMTECH CO LTD,https://www.ingredientsnetwork.com/daehan-chemtech-co-ltd-comp319815.html
"Daepyung co.,Ltd",https://www.ingredientsnetwork.com/daepyung-co-ltd-comp254995.html
Daesang Corporation,https://www.ingredientsnetwork.com/daesang-corporation-comp479661.html
Daesang Europe B.V,https://www.ingredientsnetwork.com/daesang-europe-b-v-comp304610.html
DAEWON HEALTHCARE,https://www.ingredientsnetwork.com/daewon-healthcare-comp328081.html
Daffodil Pharmachem Pvt Ltd,https://www.ingredientsnetwork.com/daffodil-pharmachem-pvt-ltd-comp282321.html
DAGANGASIA NETWORK HOLDING SDN BHD,https://www.ingredientsnetwork.com/dagangasia-network-holding-sdn-bhd-comp481853.html
Dah Feng Capsule,https://www.ingredientsnetwork.com/dah-feng-capsule-comp272616.html
DAILA SRL,https://www.ingredientsnetwork.com/daila-srl-comp325077.html
Dain Colour Chem Ltd.,https://www.ingredientsnetwork.com/dain-colour-chem-ltd-comp284357.html
Dairychem,https://www.ingredientsnetwork.com/dairychem-comp251095.html
DAIRYGOLD FOOD INGREDIENTS LTD,https://www.ingredientsnetwork.com/dairygold-food-ingredients-ltd-comp249905.html
"Daiwa Pharmaceutical Co., Ltd.",https://www.ingredientsnetwork.com/daiwa-pharmaceutical-co-ltd-comp314787.html
"Dalian Future International Co.,Ltd.",https://www.ingredientsnetwork.com/dalian-future-international-co-ltd-comp249976.html
"Dalian Greensnow Egg Products Development Co., Ltd.",https://www.ingredientsnetwork.com/dalian-greensnow-egg-products-development-co-ltd-comp481801.html
Dalian Hongjiu Biotech Co. Ltd,https://www.ingredientsnetwork.com/dalian-hongjiu-biotech-co-ltd-comp281713.html
Dallant S.A.,https://www.ingredientsnetwork.com/dallant-s-a-comp326235.html
"Damin Foodstuff (Zhangzhou) Co., Ltd.",https://www.ingredientsnetwork.com/damin-foodstuff-zhangzhou-co-ltd-comp477755.html
"Dangshan Haisheng Pectin Co.,Ltd.",https://www.ingredientsnetwork.com/dangshan-haisheng-pectin-co-ltd-comp273454.html
DANSTAR Ferment AG,https://www.ingredientsnetwork.com/danstar-ferment-ag-comp314828.html
DARY NATURY sp. z o.o.,https://www.ingredientsnetwork.com/dary-natury-sp-z-o-o-comp479783.html
"Dasan Pharmaceutical Co., LTD",https://www.ingredientsnetwork.com/dasan-pharmaceutical-co-ltd-comp327369.html
Data-Bak,https://www.ingredientsnetwork.com/data-bak-comp481418.html
DAVA Foods Denmark,https://www.ingredientsnetwork.com/dava-foods-denmark-comp481267.html
Dayalal Velji and Sons,https://www.ingredientsnetwork.com/dayalal-velji-and-sons-comp305028.html
DAABON,https://www.ingredientsnetwork.com/daabon-comp276767.html
"DACHENG BIO TECH DEVELOPMENT CO.,LTD",https://www.ingredientsnetwork.com/dacheng-bio-tech-development-co-ltd-comp272307.html
"DairiConcepts, L.P.",https://www.ingredientsnetwork.com/dairiconcepts-l-p-comp250451.html
"Dairy Asia Co.,Ltd",https://www.ingredientsnetwork.com/dairy-asia-co-ltd-comp328302.html
DAIRY PARTNERS LIMITED,https://www.ingredientsnetwork.com/dairy-partners-limited-comp475548.html
Dakota Specialty Enterprises,https://www.ingredientsnetwork.com/dakota-specialty-enterprises-comp273245.html
DakotaMB,https://www.ingredientsnetwork.com/dakotamb-comp305747.html
DaLi HouDe HGO Biotech Pte. Ltd.,https://www.ingredientsnetwork.com/dali-houde-hgo-biotech-pte-ltd-comp475772.html
"Dalian Kien Technology Co., Ltd.",https://www.ingredientsnetwork.com/dalian-kien-technology-co-ltd-comp475595.html
"Dalian Launcher Fine Chemical Co.,Ltd.",https://www.ingredientsnetwork.com/dalian-launcher-fine-chemical-co-ltd-comp281811.html
Dalian Tianpeng Food Co Ltd,https://www.ingredientsnetwork.com/dalian-tianpeng-food-co-ltd-comp252084.html
"DALIAN TIANSHAN INDUSTRIAL CO.,LTD.",https://www.ingredientsnetwork.com/dalian-tianshan-industrial-co-ltd-comp285202.html
"Dalian Zhen-Ao Bio-Tech Co., Ltd",https://www.ingredientsnetwork.com/dalian-zhen-ao-bio-tech-co-ltd-comp325750.html
Damascene Essential Oils and Products processing PLC,https://www.ingredientsnetwork.com/damascene-essential-oils-and-products-processing-comp316661.html
DANBEE HOLDINGS INC,https://www.ingredientsnetwork.com/danbee-holdings-inc-comp328606.html
Dangschat T.O.H GmbH & co. KG,https://www.ingredientsnetwork.com/dangschat-t-o-h-gmbh-co-kg-comp306646.html
Dangshan Sannuo Limited,https://www.ingredientsnetwork.com/dangshan-sannuo-limited-comp268599.html
"Dangshan Sinojuice Food Co., Ltd",https://www.ingredientsnetwork.com/dangshan-sinojuice-food-co-ltd-comp268425.html
Danisco Brasil LTDA,https://www.ingredientsnetwork.com/danisco-brasil-ltda-comp282550.html
Danisco India Pvt Ltd,https://www.ingredientsnetwork.com/danisco-india-pvt-ltd-comp281312.html
Danisco Singapore Pte Ltd,https://www.ingredientsnetwork.com/danisco-singapore-pte-ltd-comp282163.html
"Danisco(China) Co.,Ltd.",https://www.ingredientsnetwork.com/daniscochina-co-ltd-comp280204.html
Danish Crown Ingredients,https://www.ingredientsnetwork.com/danish-crown-ingredients-comp272780.html
Danish Ministry of Foreign Affairs,https://www.ingredientsnetwork.com/danish-ministry-of-foreign-affairs-comp294187.html
DanUni Group A/S,https://www.ingredientsnetwork.com/danuni-group-a-s-comp289857.html
"Daoqin Biotechnology (Shanghai) Co., Ltd",https://www.ingredientsnetwork.com/daoqin-biotechnology-shanghai-co-ltd-comp296008.html
Daraja International,https://www.ingredientsnetwork.com/daraja-international-comp475596.html
Daregal,https://www.ingredientsnetwork.com/daregal-comp248911.html
Darmstadt,https://www.ingredientsnetwork.com/darmstadt-comp316029.html
Darwin Bioprospecting Excellence,https://www.ingredientsnetwork.com/darwin-bioprospecting-excellence-comp323574.html
DAT-Schaub France,https://www.ingredientsnetwork.com/dat-schaub-france-comp251097.html
"DATONG BOXIN AGRICULTURAL BY-PRODUCT CO., LTD",https://www.ingredientsnetwork.com/datong-boxin-agricultural-by-product-co-ltd-comp270662.html
DAVID BIOLOGY PTY LTD,https://www.ingredientsnetwork.com/david-biology-pty-ltd-comp475396.html
Davos Life Science Pte. Ltd.,https://www.ingredientsnetwork.com/davos-life-science-pte-ltd-comp289516.html
DAXIA DOCE AROMA,https://www.ingredientsnetwork.com/daxia-doce-aroma-comp289030.html
"DaXingAnLing Lingonberry Boreal Biotech Co., Ltd.",https://www.ingredientsnetwork.com/daxinganling-lingonberry-boreal-biotech-co-ltd-comp314963.html
Daying Commercial Limited,https://www.ingredientsnetwork.com/daying-commercial-limited-comp327417.html
Daywell Inc,https://www.ingredientsnetwork.com/daywell-inc-comp273008.html
Earth Root Spices and Herbs LLP,https://www.ingredientsnetwork.com/earth-root-spices-and-herbs-llp-comp280924.html
"Eastsign Foods (Quzhou) Co., Ltd",https://www.ingredientsnetwork.com/eastsign-foods-quzhou-co-ltd-comp282202.html
Easy Raw Materials Private Limited,https://www.ingredientsnetwork.com/easy-raw-materials-private-limited-comp475355.html
Easyvit Pharmaceuticals BV,https://www.ingredientsnetwork.com/easyvit-pharmaceuticals-bv-comp307431.html
Eat The Truth by MFL.,https://www.ingredientsnetwork.com/eat-the-truth-by-mfl-comp396016.html
EA Pharma,https://www.ingredientsnetwork.com/ea-pharma-comp312889.html
Eagle Chem,https://www.ingredientsnetwork.com/eagle-chem-comp312903.html
Eagle Marketing,https://www.ingredientsnetwork.com/eagle-marketing-comp272261.html
Eastern Trade Media Pte Ltd.,https://www.ingredientsnetwork.com/eastern-trade-media-pte-ltd-comp282899.html
Eastsign Foods (Quzhou) Co. Ltd.,https://www.ingredientsnetwork.com/eastsign-foods-quzhou-co-ltd-comp250080.html
easyVit Sağlık Ürünleri Sanayi A.Ş.,https://www.ingredientsnetwork.com/easyvit-salk-urunleri-sanayi-a-comp476344.html
"Eatwell Co.,Ltd.",https://www.ingredientsnetwork.com/eatwell-co-ltd-comp314012.html
Enbiosis Biotechnology,https://www.ingredientsnetwork.com/enbiosis-biotechnology-comp477658.html
ENCANTO NUTRACEUTICA,https://www.ingredientsnetwork.com/encanto-nutraceutica-comp475951.html
Encap Bioscience,https://www.ingredientsnetwork.com/encap-bioscience-comp481697.html
Encapscifi Life Sciences Private Limited,https://www.ingredientsnetwork.com/encapscifi-life-sciences-private-limited-comp475356.html
Endotelio,https://www.ingredientsnetwork.com/endotelio-comp477659.html
Ennature Biopharma,https://www.ingredientsnetwork.com/ennature-biopharma-comp319818.html
Ennolys by Lesaffre,https://www.ingredientsnetwork.com/ennolys-by-lesaffre-comp282604.html
"Ensenmi Bio-technology Co., Ltd",https://www.ingredientsnetwork.com/ensenmi-bio-technology-co-ltd-comp319783.html
"ENSHI M-TEA BIOTECH CO.,LTD",https://www.ingredientsnetwork.com/enshi-m-tea-biotech-co-ltd-comp478799.html
ENTC Dairy Solutions,https://www.ingredientsnetwork.com/entc-dairy-solutions-comp475956.html
Enteco Pharma S.L.,https://www.ingredientsnetwork.com/enteco-pharma-s-l-comp318917.html
Enterobiome,https://www.ingredientsnetwork.com/enterobiome-comp319878.html
EnWave Corporation,https://www.ingredientsnetwork.com/enwave-corporation-comp477916.html
Enzymco Private Limited,https://www.ingredientsnetwork.com/enzymco-private-limited-comp322383.html
Enzyme Bioscience Pvt.Ltd,https://www.ingredientsnetwork.com/enzyme-bioscience-pvt-ltd-comp273069.html
Enzymecode Biotechnology Co.Ltd,https://www.ingredientsnetwork.com/enzymecode-biotechnology-co-ltd-comp309617.html
Enzymedica Inc,https://www.ingredientsnetwork.com/enzymedica-inc-comp319879.html
Endemix,https://www.ingredientsnetwork.com/endemix-comp249647.html
Energy Group a.s.,https://www.ingredientsnetwork.com/energy-group-a-s-comp280184.html
EnerVite(Shanghai) Health Technology Ltd.,https://www.ingredientsnetwork.com/enerviteshanghai-health-technology-ltd-comp265556.html
Engie Cavailes Nutrition Sante,https://www.ingredientsnetwork.com/engie-cavailes-nutrition-sante-comp316030.html
Enifer,https://www.ingredientsnetwork.com/enifer-comp323009.html
Enjayes Spices and Natural Flavours Ltd,https://www.ingredientsnetwork.com/enjayes-spices-and-natural-flavours-ltd-comp306489.html
Ennour DateS,https://www.ingredientsnetwork.com/ennour-dates-comp317324.html
ENOUGH,https://www.ingredientsnetwork.com/enough-comp307727.html
ENOUGH,https://www.ingredientsnetwork.com/enough-comp307721.html
Enovate Biolife,https://www.ingredientsnetwork.com/enovate-biolife-comp324231.html
Enrico Giotti SpA,https://www.ingredientsnetwork.com/enrico-giotti-spa-comp248944.html
"Enshi Qingjiang Bio-Engineering Co., Ltd.",https://www.ingredientsnetwork.com/enshi-qingjiang-bio-engineering-co-ltd-comp296017.html
"Enshi Xisheng Plant Technology Co., Ltd.",https://www.ingredientsnetwork.com/enshi-xisheng-plant-technology-co-ltd-comp476891.html
ENSIS SCIENCES,https://www.ingredientsnetwork.com/ensis-sciences-comp294191.html
Enterprise Georgia,https://www.ingredientsnetwork.com/enterprise-georgia-comp280146.html
Enterprise Ireland,https://www.ingredientsnetwork.com/enterprise-ireland-comp252088.html
ENVEGA COMPANY LIMITED,https://www.ingredientsnetwork.com/envega-company-limited-comp326958.html
ENZO Nutraceuticals Ltd,https://www.ingredientsnetwork.com/enzo-nutraceuticals-ltd-comp266664.html
Enzybel International SA,https://www.ingredientsnetwork.com/enzybel-international-sa-comp249777.html
Enzym Group,https://www.ingredientsnetwork.com/enzym-group-comp279224.html
Enzym Group,https://www.ingredientsnetwork.com/enzym-group-comp318540.html
Enzyme Development Corporation,https://www.ingredientsnetwork.com/enzyme-development-corporation-comp294155.html
Enzyme India Pvt. Ltd.,https://www.ingredientsnetwork.com/enzyme-india-pvt-ltd-comp322384.html
Fab Flavours And Fragrances Pvt Ltd,https://www.ingredientsnetwork.com/fab-flavours-and-fragrances-pvt-ltd-comp281309.html
Fabas,https://www.ingredientsnetwork.com/fabas-comp324057.html
Fabryka Wafli Miran Wafel Sp z.o.o.,https://www.ingredientsnetwork.com/fabryka-wafli-miran-wafel-sp-z-o-o-comp328129.html
Fabumin,https://www.ingredientsnetwork.com/fabumin-comp326255.html
Facoteck,https://www.ingredientsnetwork.com/facoteck-comp325633.html
FACTORIA-AGRO LTD,https://www.ingredientsnetwork.com/factoria-agro-ltd-comp281263.html
FAITHFOODS ORGANIC INDIA PVT LTD,https://www.ingredientsnetwork.com/faithfoods-organic-india-pvt-ltd-comp481685.html
Falken Trade Sp. z o.o.,https://www.ingredientsnetwork.com/falken-trade-sp-z-o-o-comp249927.html
Family Farm Ptasinski,https://www.ingredientsnetwork.com/family-farm-ptasinski-comp481574.html
FAMMILKY s.r.o.,https://www.ingredientsnetwork.com/fammilky-s-r-o-comp479894.html
Fancy World Company Limited,https://www.ingredientsnetwork.com/fancy-world-company-limited-comp281699.html
Far East Bio-Tec Co. Ltd.,https://www.ingredientsnetwork.com/far-east-bio-tec-co-ltd-comp289868.html
"Far East Bio-Tec. Co., Ltd.",https://www.ingredientsnetwork.com/far-east-bio-tec-co-ltd-comp481643.html
Faravelli,https://www.ingredientsnetwork.com/faravelli-comp248963.html
FAREVA S.A.,https://www.ingredientsnetwork.com/fareva-s-a-comp477660.html
FARM TRADING AND COMMERCE INT LIMITED,https://www.ingredientsnetwork.com/farm-trading-and-commerce-int-limited-comp303341.html
Farmaceutici Procemsa spa,https://www.ingredientsnetwork.com/farmaceutici-procemsa-spa-comp307446.html
FARMAFLOR SRL,https://www.ingredientsnetwork.com/farmaflor-srl-comp327370.html
Farmalabor Srl,https://www.ingredientsnetwork.com/farmalabor-srl-comp312877.html
Farmitalia Srl,https://www.ingredientsnetwork.com/farmitalia-srl-comp327172.html
Favamole,https://www.ingredientsnetwork.com/favamole-comp478765.html
Favea a.s.,https://www.ingredientsnetwork.com/favea-a-s-comp307447.html
Fayrefield Foods A/S,https://www.ingredientsnetwork.com/fayrefield-foods-a-s-comp312493.html
Fazlani Exports Pvt. Ltd,https://www.ingredientsnetwork.com/fazlani-exports-pvt-ltd-comp254260.html
Faba Canada,https://www.ingredientsnetwork.com/faba-canada-comp302695.html
Fable Spirit Lda,https://www.ingredientsnetwork.com/fable-spirit-lda-comp323010.html
Fabster,https://www.ingredientsnetwork.com/fabster-comp280714.html
Factoria Agro,https://www.ingredientsnetwork.com/factoria-agro-comp323604.html
Fairoils,https://www.ingredientsnetwork.com/fairoils-comp307947.html
FALORNI NUTRA SRL,https://www.ingredientsnetwork.com/falorni-nutra-srl-comp309360.html
Famille MICHAUD,https://www.ingredientsnetwork.com/famille-michaud-comp251117.html
Fang Da Food Additive (Yang Quan) Limited,https://www.ingredientsnetwork.com/fang-da-food-additive-yang-quan-limited-comp290602.html
Fang Da Food Additive (Yang Quan) Ltd,https://www.ingredientsnetwork.com/fang-da-food-additive-yang-quan-ltd-comp289351.html
Fanidhar Mega Food Park Private Limited,https://www.ingredientsnetwork.com/fanidhar-mega-food-park-private-limited-comp475325.html
Faninon Co. Ltd.,https://www.ingredientsnetwork.com/faninon-co-ltd-comp251331.html
"Far East Bio-Tec. Co., Ltd.",https://www.ingredientsnetwork.com/far-east-bio-tec-co-ltd-comp481644.html
Farinhas Integrais Cisbra Ltda,https://www.ingredientsnetwork.com/farinhas-integrais-cisbra-ltda-comp291346.html
FARM FLAVOURS,https://www.ingredientsnetwork.com/farm-flavours-comp323852.html
"FarmaSino Pharmaceuticals (Jiangsu) Co.,",https://www.ingredientsnetwork.com/farmasino-pharmaceuticals-jiangsu-co-comp316941.html
Farmaxial s.r.l. a Socio Unico,https://www.ingredientsnetwork.com/farmaxial-s-r-l-a-socio-unico-comp325403.html
Farmers Matter-Shea Group,https://www.ingredientsnetwork.com/farmers-matter-shea-group-comp294184.html
Farmer's Organic Garden,https://www.ingredientsnetwork.com/farmer-s-organic-garden-comp264229.html
Farmers Pride Raisins,https://www.ingredientsnetwork.com/farmers-pride-raisins-comp252078.html
FARMESA,https://www.ingredientsnetwork.com/farmesa-comp268028.html
Farmvale Psyllium,https://www.ingredientsnetwork.com/farmvale-psyllium-comp323853.html
Farris,https://www.ingredientsnetwork.com/farris-comp251118.html
"Fast International Co., Ltd.",https://www.ingredientsnetwork.com/fast-international-co-ltd-comp268449.html
Fazer Finland Oy Fazer Mills,https://www.ingredientsnetwork.com/fazer-finland-oy-fazer-mills-comp270555.html
Gabe Health Technology,https://www.ingredientsnetwork.com/gabe-health-technology-comp312918.html
"Gabio Co., Ltd.",https://www.ingredientsnetwork.com/gabio-co-ltd-comp273521.html
GADAG EXPORTS PRIVATE LIMITED,https://www.ingredientsnetwork.com/gadag-exports-private-limited-comp478376.html
GALA FOODS,https://www.ingredientsnetwork.com/gala-foods-comp325634.html
"Gala Laksana Kreasi, PT",https://www.ingredientsnetwork.com/gala-laksana-kreasi-pt-comp272315.html
Galam,https://www.ingredientsnetwork.com/galam-comp248733.html
Galam invest SL,https://www.ingredientsnetwork.com/galam-invest-sl-comp326239.html
Galventa AG,https://www.ingredientsnetwork.com/galventa-ag-comp312558.html
GANESH FOODS,https://www.ingredientsnetwork.com/ganesh-foods-comp270102.html
"Ganesh Indonesia Surya International,PT",https://www.ingredientsnetwork.com/ganesh-indonesia-surya-international-pt-comp319478.html
Gangotri Inorganic Private Limited,https://www.ingredientsnetwork.com/gangotri-inorganic-private-limited-comp282324.html
Gangwal Healthcare Private Limited,https://www.ingredientsnetwork.com/gangwal-healthcare-private-limited-comp305868.html
"Gansu Aviko Potato Processing Co., Ltd.",https://www.ingredientsnetwork.com/gansu-aviko-potato-processing-co-ltd-comp324158.html
"Gansu Meheco Import & Export Co.,Ltd",https://www.ingredientsnetwork.com/gansu-meheco-import-export-co-ltd-comp312920.html
GAP SA,https://www.ingredientsnetwork.com/gap-sa-comp307457.html
GARZANTI SPECIALTIES and JYOT PSYLLIUM,https://www.ingredientsnetwork.com/garzanti-specialties-and-jyot-psyllium-comp304988.html
Gaurav Industries Pvt Ltd,https://www.ingredientsnetwork.com/gaurav-industries-pvt-ltd-comp314064.html
"Gala Laksana Kreasi, PT",https://www.ingredientsnetwork.com/gala-laksana-kreasi-pt-comp291386.html
"Gala Natura,PT",https://www.ingredientsnetwork.com/gala-natura-pt-comp325761.html
Galactic s.a.,https://www.ingredientsnetwork.com/galactic-s-a-comp248927.html
GALENA QUIMICA E FARMACEUTICA LTDA,https://www.ingredientsnetwork.com/galena-quimica-e-farmaceutica-ltda-comp266972.html
"Galic Bina Mada, PT",https://www.ingredientsnetwork.com/galic-bina-mada-pt-comp273541.html
GANDA KOTA SDN BHD,https://www.ingredientsnetwork.com/ganda-kota-sdn-bhd-comp301501.html
Gandhi Automations Pvt. Ltd.,https://www.ingredientsnetwork.com/gandhi-automations-pvt-ltd-comp270128.html
"GANSU DUNHUANG SEED FRUIT &VEGETABLE PRODUCTS CO., LTD.",https://www.ingredientsnetwork.com/gansu-dunhuang-seed-fruit-vegetable-products-co-comp249659.html
"Gansu Hualing Casein Co.,Ltd",https://www.ingredientsnetwork.com/gansu-hualing-casein-co-ltd-comp290458.html
"Gansu Hualing Dairy Sales Co.,Ltd",https://www.ingredientsnetwork.com/gansu-hualing-dairy-sales-co-ltd-comp273542.html
"Gansu Hualing Yak Dairy Co., Ltd.",https://www.ingredientsnetwork.com/gansu-hualing-yak-dairy-co-ltd-comp281595.html
"Gansu Kinbo Industry Co., Ltd.",https://www.ingredientsnetwork.com/gansu-kinbo-industry-co-ltd-comp282703.html
"Gansu Lifewe Bioengineering Co., Ltd.",https://www.ingredientsnetwork.com/gansu-lifewe-bioengineering-co-ltd-comp481273.html
"Gansu Puhua Stevia Sugar Development Co.,Ltd.",https://www.ingredientsnetwork.com/gansu-puhua-stevia-sugar-development-co-ltd-comp296069.html
"Gansu Puluo Biotech Co., LTD",https://www.ingredientsnetwork.com/gansu-puluo-biotech-co-ltd-comp268593.html
Gaotang Lanshan Xinhe Trading Co. Ltd.,https://www.ingredientsnetwork.com/gaotang-lanshan-xinhe-trading-co-ltd-comp305575.html
GAPMMI (INDONESIAN FOOD & BEVERAGE ASSOCIATION),https://www.ingredientsnetwork.com/gapmmi-indonesian-food-beverage-association-comp476020.html
Garon Foods,https://www.ingredientsnetwork.com/garon-foods-comp270122.html
Garumuni Foods (Pvt) Ltd,https://www.ingredientsnetwork.com/garumuni-foods-pvt-ltd-comp476461.html
Gastrograph AI,https://www.ingredientsnetwork.com/gastrograph-ai-comp304874.html
Gat Foods,https://www.ingredientsnetwork.com/gat-foods-comp318542.html
Gayatri Psyllium Industries,https://www.ingredientsnetwork.com/gayatri-psyllium-industries-comp282750.html
Gayyaclasic Products Nig.,https://www.ingredientsnetwork.com/gayyaclasic-products-nig-comp284740.html
Hädener Rohstoffe GmbH,https://www.ingredientsnetwork.com/hadener-rohstoffe-gmbh-comp318184.html
HADSA - Health Foods & Dietary Supplements Association,https://www.ingredientsnetwork.com/hadsa-health-foods-dietary-supplements-association-comp316302.html
"HAECHUNMA CO.,LTD.",https://www.ingredientsnetwork.com/haechunma-co-ltd-comp480484.html
"Hagen Nutrition, INC",https://www.ingredientsnetwork.com/hagen-nutrition-inc-comp324237.html
Hainan ENNEAS TECHNOLOGY,https://www.ingredientsnetwork.com/hainan-enneas-technology-comp477919.html
"Hainan Nicepal Industry Co.,Ltd",https://www.ingredientsnetwork.com/hainan-nicepal-industry-co-ltd-comp266937.html
Hainan Super Biotech Co Limited,https://www.ingredientsnetwork.com/hainan-super-biotech-co-limited-comp251164.html
"Hainan Zhongxin Chemical Co., Ltd",https://www.ingredientsnetwork.com/hainan-zhongxin-chemical-co-ltd-comp250296.html
Hairburst LTD,https://www.ingredientsnetwork.com/hairburst-ltd-comp325635.html
"Hakiki Donarta,PT- Java Biocolloid",https://www.ingredientsnetwork.com/hakiki-donarta-pt-java-biocolloid-comp307645.html
Halal Certification,https://www.ingredientsnetwork.com/halal-certification-comp249995.html
HALAVET GIDA SAN VE TIC A.S.,https://www.ingredientsnetwork.com/halavet-gida-san-ve-tic-a-s-comp248828.html
"Haldin Pacific Semesta, PT",https://www.ingredientsnetwork.com/haldin-pacific-semesta-pt-comp254961.html
Hälssen & Lyon,https://www.ingredientsnetwork.com/halssen-lyon-comp251167.html
"HALYN BIOTECH CO.,LTD.",https://www.ingredientsnetwork.com/halyn-biotech-co-ltd-comp480826.html
Hamburg Fructose GmbH,https://www.ingredientsnetwork.com/hamburg-fructose-gmbh-comp248903.html
Hamburger Gewürz-Mühle Hermann Schulz,https://www.ingredientsnetwork.com/hamburger-gewurz-muhle-hermann-schulz-comp289234.html
"HAN-SIENT TRADING CO., LTD.",https://www.ingredientsnetwork.com/han-sient-trading-co-ltd-comp314805.html
Hanamaruki Foods Inc.,https://www.ingredientsnetwork.com/hanamaruki-foods-inc-comp268457.html
"HANDIAN NUTRITION CO., LTD.",https://www.ingredientsnetwork.com/handian-nutrition-co-ltd-comp309302.html
HANDOK HEALTHCARE,https://www.ingredientsnetwork.com/handok-healthcare-comp477665.html
"Hangzhou Ahead Technology Co.,Ltd",https://www.ingredientsnetwork.com/hangzhou-ahead-technology-co-ltd-comp481912.html
"Hangzhou Ally Food Technology Co., Ltd",https://www.ingredientsnetwork.com/hangzhou-ally-food-technology-co-ltd-comp271561.html
"Hangzhou Bestotes Industry Co., Ltd.",https://www.ingredientsnetwork.com/hangzhou-bestotes-industry-co-ltd-comp481869.html
Hangzhou Bioking Biochemical Engineering,https://www.ingredientsnetwork.com/hangzhou-bioking-biochemical-engineering-comp249345.html
"HANGZHOU BODA BIOLOGICAL TECH CO.,LTD",https://www.ingredientsnetwork.com/hangzhou-boda-biological-tech-co-ltd-comp249629.html
HANGZHOU FOCUS CORPORATION,https://www.ingredientsnetwork.com/hangzhou-focus-corporation-comp481731.html
"HANGZHOU GAOCHENG BIOTECH &HEALTH CO., L",https://www.ingredientsnetwork.com/hangzhou-gaocheng-biotech-health-co-l-comp475416.html
"Hangzhou Genegrow Biotechnology Co.,Ltd.",https://www.ingredientsnetwork.com/hangzhou-genegrow-biotechnology-co-ltd-comp475417.html
"HANGZHOU GREENSKY BIOLOGICAL TECH CO.,LTD.",https://www.ingredientsnetwork.com/hangzhou-greensky-biological-tech-co-ltd-comp309627.html
"Hangzhou Kangyuan Food Science & Technology Co., Ltd",https://www.ingredientsnetwork.com/hangzhou-kangyuan-food-science-technology-co-ltd-comp251169.html
hangzhou levinthal biotechnology,https://www.ingredientsnetwork.com/hangzhou-levinthal-biotechnology-comp328247.html
"HANGZHOU LIANGCONG FOOD TECH CO.,LTD.",https://www.ingredientsnetwork.com/hangzhou-liangcong-food-tech-co-ltd-comp481848.html
Hangzhou LightSyn Technology Co.，LTD,https://www.ingredientsnetwork.com/hangzhou-lightsyn-technology-co-ltd-comp478519.html
"Hangzhou Maoxu Biotech Co.,Ltd.",https://www.ingredientsnetwork.com/hangzhou-maoxu-biotech-co-ltd-comp312900.html
"HANGZHOU MAYSEN FLAVOURS CO.,LTD.",https://www.ingredientsnetwork.com/hangzhou-maysen-flavours-co-ltd-comp481665.html
"Hangzhou Mingbao Bio-Tech Co., Ltd.",https://www.ingredientsnetwork.com/hangzhou-mingbao-bio-tech-co-ltd-comp249938.html
"Hangzhou Muhua Bio-Tech Co., Ltd",https://www.ingredientsnetwork.com/hangzhou-muhua-bio-tech-co-ltd-comp312527.html
"Hangzhou Natur Foods Co., Ltd.",https://www.ingredientsnetwork.com/hangzhou-natur-foods-co-ltd-comp481913.html
"HANGZHOU QIANOUXUE TEA.,LTD",https://www.ingredientsnetwork.com/hangzhou-qianouxue-tea-ltd-comp481645.html
"Hangzhou Regin Bio-Tech Co., Ltd.",https://www.ingredientsnetwork.com/hangzhou-regin-bio-tech-co-ltd-comp475605.html
"Hangzhou Reliable Package Co., Ltd",https://www.ingredientsnetwork.com/hangzhou-reliable-package-co-ltd-comp326145.html
"Hangzhou S-Evans Biosciences, Ltd",https://www.ingredientsnetwork.com/hangzhou-s-evans-biosciences-ltd-comp481491.html
"Hangzhou Senweitai Trading Co., Ltd.",https://www.ingredientsnetwork.com/hangzhou-senweitai-trading-co-ltd-comp481492.html
"HANGZHOU SOULEXPO CO.,LTD",https://www.ingredientsnetwork.com/hangzhou-soulexpo-co-ltd-comp325002.html
"Hangzhou Source Herb Bio-Tech Co.,Ltd",https://www.ingredientsnetwork.com/hangzhou-source-herb-bio-tech-co-ltd-comp476892.html
"Hangzhou Topservice Exhibition Co.,Ltd",https://www.ingredientsnetwork.com/hangzhou-topservice-exhibition-co-ltd-comp314806.html
"HANGZHOU TWIN-HORSE BIOTECHNOLOGY CO., LTD.",https://www.ingredientsnetwork.com/hangzhou-twin-horse-biotechnology-co-ltd-comp272823.html
Hangzhou Verychem Science And Technology Co.Ltd.,https://www.ingredientsnetwork.com/hangzhou-verychem-science-and-technology-co-ltd-comp475871.html
"Hangzhou VIGO Biotech Co., Ltd.",https://www.ingredientsnetwork.com/hangzhou-vigo-biotech-co-ltd-comp282504.html
"Hangzhou VIGO Biotech Co., Ltd.",https://www.ingredientsnetwork.com/hangzhou-vigo-biotech-co-ltd-comp309628.html
"HANGZHOU XINFU SCIENCE & TECHNOLOGY CO., LTD.",https://www.ingredientsnetwork.com/hangzhou-xinfu-science-technology-co-ltd-comp323284.html
"Hangzhou Yihe Biomedical Technology Co., LTD",https://www.ingredientsnetwork.com/hangzhou-yihe-biomedical-technology-co-ltd-comp308345.html
"Hangzhou Yinquan Tea Industry Co., Ltd.",https://www.ingredientsnetwork.com/hangzhou-yinquan-tea-industry-co-ltd-comp481543.html
"HANGZHOU ZHONGXIN PACKAGING PRODUCTS CO., LTD.",https://www.ingredientsnetwork.com/hangzhou-zhongxin-packaging-products-co-ltd-comp477666.html
Hanmi Nutrition Inc.,https://www.ingredientsnetwork.com/hanmi-nutrition-inc-comp326347.html
HANPOONG NATURE PHARM CO LTD,https://www.ingredientsnetwork.com/hanpoong-nature-pharm-co-ltd-comp328611.html
HANSE LABS AG,https://www.ingredientsnetwork.com/hanse-labs-ag-comp326745.html
"Hansford Biotech Co., Ltd.",https://www.ingredientsnetwork.com/hansford-biotech-co-ltd-comp312860.html
"HANTECH BIO-TECHNOLOGY CO., LTD.",https://www.ingredientsnetwork.com/hantech-bio-technology-co-ltd-comp481147.html
"Hanzhong TRG biotech co.,Ltd",https://www.ingredientsnetwork.com/hanzhong-trg-biotech-co-ltd-comp318990.html
Haohe Biotechnology (Changzhou) Co.. Ltd.,https://www.ingredientsnetwork.com/haohe-biotechnology-changzhou-co-ltd-comp481420.html
"Haotai Health Jisheng (Jilin) Biotechnology Co., Ltd",https://www.ingredientsnetwork.com/haotai-health-jisheng-jilin-biotechnology-co-ltd-comp479263.html
Happy Plant Protein Oy,https://www.ingredientsnetwork.com/happy-plant-protein-oy-comp475406.html
Harboe Ingredients,https://www.ingredientsnetwork.com/harboe-ingredients-comp249007.html
HARKE Food,https://www.ingredientsnetwork.com/harke-food-comp249008.html
HARKE Nutra,https://www.ingredientsnetwork.com/harke-nutra-comp319308.html
HARKE Pharma GmbH,https://www.ingredientsnetwork.com/harke-pharma-gmbh-comp475418.html
Harms Food GmbH,https://www.ingredientsnetwork.com/harms-food-gmbh-comp249009.html
Harries Schalmuhlenwerk GmbH & Co. KG,https://www.ingredientsnetwork.com/harries-schalmuhlenwerk-gmbh-co-kg-comp270561.html
HAUSMANN AROMATIC,https://www.ingredientsnetwork.com/hausmann-aromatic-comp324238.html
HavaMad,https://www.ingredientsnetwork.com/havamad-comp324589.html
Havero Hoogwegt Meelunie,https://www.ingredientsnetwork.com/havero-hoogwegt-meelunie-comp249014.html
Hazelnut Growers of Oregon,https://www.ingredientsnetwork.com/hazelnut-growers-of-oregon-comp479914.html
Habib Rice Products Ltd,https://www.ingredientsnetwork.com/habib-rice-products-ltd-comp316119.html
Haco Ltd.,https://www.ingredientsnetwork.com/haco-ltd-comp248781.html
"Haerbin Yimei Bioengineering Technology Co.,Ltd",https://www.ingredientsnetwork.com/haerbin-yimei-bioengineering-technology-co-ltd-comp296151.html
"HAINAN HAIYAO PHARMACEUTICAL CO.,LTD.",https://www.ingredientsnetwork.com/hainan-haiyao-pharmaceutical-co-ltd-comp314969.html
HAINAN HONGYE CHEMICAL CO LTD,https://www.ingredientsnetwork.com/hainan-hongye-chemical-co-ltd-comp321977.html
"Hainan Huayan Collagen Technology Co.,Ltd",https://www.ingredientsnetwork.com/hainan-huayan-collagen-technology-co-ltd-comp281600.html
"Hainan Pure Peptide Technology CO.,LTD",https://www.ingredientsnetwork.com/hainan-pure-peptide-technology-co-ltd-comp296172.html
"Hainan SEMNL Biotechnology Co., Ltd. Chengmai Branch",https://www.ingredientsnetwork.com/hainan-semnl-biotechnology-co-ltd-chengmai-branch-comp296152.html
"Hainan Xisha nuoli Biotechnology Co., LTD",https://www.ingredientsnetwork.com/hainan-xisha-nuoli-biotechnology-co-ltd-comp280189.html
"HAINAN YIRAN BIOLOGICAL ENGINEERING CO., LTD",https://www.ingredientsnetwork.com/hainan-yiran-biological-engineering-co-ltd-comp280190.html
"HAINAN ZHONGXIN WANGUO CHEMICAL CO., LTD.",https://www.ingredientsnetwork.com/hainan-zhongxin-wanguo-chemical-co-ltd-comp314803.html
"Haining Jiheng Health Food Co.,Ltd.",https://www.ingredientsnetwork.com/haining-jiheng-health-food-co-ltd-comp324159.html
Haji Dossa Nutralgum (PVT.) Ltd.,https://www.ingredientsnetwork.com/haji-dossa-nutralgum-pvt-ltd-comp248755.html
Halal Correct Certification,https://www.ingredientsnetwork.com/halal-correct-certification-comp302773.html
"Halim Sakti Pratama, PT",https://www.ingredientsnetwork.com/halim-sakti-pratama-pt-comp254962.html
"HALYN BIOTECH CO.,LTD.",https://www.ingredientsnetwork.com/halyn-biotech-co-ltd-comp480865.html
"HALYN BIOTECH CO.,LTD.",https://www.ingredientsnetwork.com/halyn-biotech-co-ltd-comp480867.html
"HALYN BIOTECH CO.,LTD.",https://www.ingredientsnetwork.com/halyn-biotech-co-ltd-comp480868.html
"Hamada Food System Co.,Ltd.",https://www.ingredientsnetwork.com/hamada-food-system-co-ltd-comp282170.html
Hamzao?lu Kimya Sanayi ve Ticaret A.?.,https://www.ingredientsnetwork.com/hamzaolu-kimya-sanayi-ve-ticaret-a-comp314804.html
"Han Traceability (Shaanxi) Biological Technology Co.,Ltd",https://www.ingredientsnetwork.com/han-traceability-shaanxi-biological-technology-co-comp326346.html
HAND MEDIA LIMITED,https://www.ingredientsnetwork.com/hand-media-limited-comp270688.html
"Handan Green and Healthy Dehydrated Vegetables Food Co., Ltd.",https://www.ingredientsnetwork.com/handan-green-and-healthy-dehydrated-vegetables-comp306090.html
"Handan Green Farmer Food Import And Export Trade Co.,Ltd.",https://www.ingredientsnetwork.com/handan-green-farmer-food-import-and-export-trade-comp319785.html
HANDARY,https://www.ingredientsnetwork.com/handary-comp249005.html
"Hando Co., Ltd",https://www.ingredientsnetwork.com/hando-co-ltd-comp301779.html
"Handyware SG (Thailand) Co.,Ltd.",https://www.ingredientsnetwork.com/handyware-sg-thailand-co-ltd-comp314023.html
Haneil Soyatech Pvt. Ltd.,https://www.ingredientsnetwork.com/haneil-soyatech-pvt-ltd-comp276827.html
HANF FARM GmbH,https://www.ingredientsnetwork.com/hanf-farm-gmbh-comp277276.html
"Hangzhou Alpha Technology Co., Ltd.",https://www.ingredientsnetwork.com/hangzhou-alpha-technology-co-ltd-comp281601.html
"Hangzhou Fanglu Imp/Exp Co.,Ltd.",https://www.ingredientsnetwork.com/hangzhou-fanglu-imp-exp-co-ltd-comp289356.html
"Hangzhou Gellan Solutions Biotec Co., Ltd",https://www.ingredientsnetwork.com/hangzhou-gellan-solutions-biotec-co-ltd-comp316508.html
"Hangzhou Gellan Solutions Biotec Co., Ltd",https://www.ingredientsnetwork.com/hangzhou-gellan-solutions-biotec-co-ltd-comp316519.html
"HANGZHOU GREENARK BIOTECHNOLOGY CO.,LTD.",https://www.ingredientsnetwork.com/hangzhou-greenark-biotechnology-co-ltd-comp308463.html
Hangzhou Hanheyuan Health Industry Co Ltd,https://www.ingredientsnetwork.com/hangzhou-hanheyuan-health-industry-co-ltd-comp269131.html
"Hangzhou Hefengyuan Health Food Co.,Ltd",https://www.ingredientsnetwork.com/hangzhou-hefengyuan-health-food-co-ltd-comp481490.html
"HANGZHOU HERONSBILL FOOD TECHNOLOGY CO.,LTD",https://www.ingredientsnetwork.com/hangzhou-heronsbill-food-technology-co-ltd-comp316100.html
"Hangzhou Jiasen Food Technology Co.,Ltd.",https://www.ingredientsnetwork.com/hangzhou-jiasen-food-technology-co-ltd-comp319786.html
Hangzhou Jutao Biochemical Tech. Co. Ltd,https://www.ingredientsnetwork.com/hangzhou-jutao-biochemical-tech-co-ltd-comp250483.html
"Hangzhou Kaixin Technology Co., Ltd.",https://www.ingredientsnetwork.com/hangzhou-kaixin-technology-co-ltd-comp283123.html
"HANGZHOU LANDBRIDGE TRADING CO., LTD.",https://www.ingredientsnetwork.com/hangzhou-landbridge-trading-co-ltd-comp267928.html
"Hangzhou Lukang Biotech Co., Ltd.",https://www.ingredientsnetwork.com/hangzhou-lukang-biotech-co-ltd-comp312913.html
"Hangzhou Nutrition Biotechnology Co., Ltd.",https://www.ingredientsnetwork.com/hangzhou-nutrition-biotechnology-co-ltd-comp268268.html
"Hangzhou Ouqi food Co., Ltd",https://www.ingredientsnetwork.com/hangzhou-ouqi-food-co-ltd-comp316101.html
"Hangzhou Pratique Performance Material Science Co.,Ltd (FISINO)",https://www.ingredientsnetwork.com/hangzhou-pratique-performance-material-science-co-comp316944.html
"HANGZHOU QIANOUXUE TEA.,LTD",https://www.ingredientsnetwork.com/hangzhou-qianouxue-tea-ltd-comp481646.html
"HANGZHOU QIHUAN BIOTECHNOLOGY CO., LTD.",https://www.ingredientsnetwork.com/hangzhou-qihuan-biotechnology-co-ltd-comp475945.html
"Hangzhou ReeLynn Apiculture Co., Ltd",https://www.ingredientsnetwork.com/hangzhou-reelynn-apiculture-co-ltd-comp328248.html
"Hangzhou Shande Flavor Co., Ltd.",https://www.ingredientsnetwork.com/hangzhou-shande-flavor-co-ltd-comp283124.html
"Hangzhou Skyherb Technologies Co.,Ltd.",https://www.ingredientsnetwork.com/hangzhou-skyherb-technologies-co-ltd-comp319787.html
"Hangzhou Yeastar Biotech C.,Ltd.",https://www.ingredientsnetwork.com/hangzhou-yeastar-biotech-c-ltd-comp313993.html
Hangzhou Youither Bioscience Co Ltd,https://www.ingredientsnetwork.com/hangzhou-youither-bioscience-co-ltd-comp242188.html
"Hangzhou Zelin Technology Co., Ltd.",https://www.ingredientsnetwork.com/hangzhou-zelin-technology-co-ltd-comp475793.html
"Hangzhou Zelixir Biotech Co., Ltd.",https://www.ingredientsnetwork.com/hangzhou-zelixir-biotech-co-ltd-comp320038.html
Hankintatukku Oy,https://www.ingredientsnetwork.com/hankintatukku-oy-comp307469.html
Hanns G. Werner GMBH + Co,https://www.ingredientsnetwork.com/hanns-g-werner-gmbh-co-comp245290.html
Hans Kaspar AG,https://www.ingredientsnetwork.com/hans-kaspar-ag-comp249006.html
Hansa Specialties Ltd.,https://www.ingredientsnetwork.com/hansa-specialties-ltd-comp296495.html
"Hänseler AG, Swiss Pharma",https://www.ingredientsnetwork.com/hanseler-ag-swiss-pharma-comp312496.html
HANTIN HEALTH (HONGKONG) CO. LIMITED,https://www.ingredientsnetwork.com/hantin-health-hongkong-co-limited-comp289876.html
HAPPY INGREDIENTS COMPANY SASU,https://www.ingredientsnetwork.com/happy-ingredients-company-sasu-comp286757.html
"Harapan Kemika Indo Lestari, PT",https://www.ingredientsnetwork.com/harapan-kemika-indo-lestari-pt-comp291387.html
Harbin Essence Biological Technology Company,https://www.ingredientsnetwork.com/harbin-essence-biological-technology-company-comp296113.html
"HARBIN HADA STARCH CO.,LTD",https://www.ingredientsnetwork.com/harbin-hada-starch-co-ltd-comp270686.html
"Harbin HIT-ZHONGAO Biological Engineering co.,LTD",https://www.ingredientsnetwork.com/harbin-hit-zhongao-biological-engineering-co-ltd-comp250276.html
Harbin Medicine Group Heilongjiang Tongt,https://www.ingredientsnetwork.com/harbin-medicine-group-heilongjiang-tongt-comp277358.html
Hariom Biofood Products (I) Pvt. Ltd.,https://www.ingredientsnetwork.com/hariom-biofood-products-i-pvt-ltd-comp282751.html
HARISH C. KHOSLA & CO.,https://www.ingredientsnetwork.com/harish-c-khosla-co-comp271890.html
Harman Finochem Ltd,https://www.ingredientsnetwork.com/harman-finochem-ltd-comp307470.html
Harmless Harvest (Thailand) LTD.,https://www.ingredientsnetwork.com/harmless-harvest-thailand-ltd-comp315831.html
Harraz For Food Industry & Natural Produ,https://www.ingredientsnetwork.com/harraz-for-food-industry-natural-produ-comp268010.html
Harter GmbH,https://www.ingredientsnetwork.com/harter-gmbh-comp324530.html
Havdryss,https://www.ingredientsnetwork.com/havdryss-comp476325.html
Havea Group,https://www.ingredientsnetwork.com/havea-group-comp317491.html
Hayat Cosmo Industry PLC,https://www.ingredientsnetwork.com/hayat-cosmo-industry-plc-comp269374.html
Hazelnut Marketing Board,https://www.ingredientsnetwork.com/hazelnut-marketing-board-comp319259.html
Iannino s.r.l.,https://www.ingredientsnetwork.com/iannino-s-r-l-comp309786.html
IAR - The French Bioeconomy Cluster,https://www.ingredientsnetwork.com/iar-the-french-bioeconomy-cluster-comp251029.html
JACARANDAS SPICES & INGREDIENTS,https://www.ingredientsnetwork.com/jacarandas-spices-ingredients-comp481241.html
Jai Ingredients Pvt Ltd,https://www.ingredientsnetwork.com/jai-ingredients-pvt-ltd-comp290610.html
Jain Farm Fresh Foods Ltd,https://www.ingredientsnetwork.com/jain-farm-fresh-foods-ltd-comp249059.html
Jaindi Export (Pvt) Ltd,https://www.ingredientsnetwork.com/jaindi-export-pvt-ltd-comp481917.html
Jairamdass Khushiram IMPEX PVT LTD,https://www.ingredientsnetwork.com/jairamdass-khushiram-impex-pvt-ltd-comp314487.html
Jantex Foodservice Group Sp. z o.o.,https://www.ingredientsnetwork.com/jantex-foodservice-group-sp-z-o-o-comp475958.html
Japan Bio Science Laboratory Co. Ltd.,https://www.ingredientsnetwork.com/japan-bio-science-laboratory-co-ltd-comp249720.html
Japan Food Research Laboratories (JFRL),https://www.ingredientsnetwork.com/japan-food-research-laboratories-jfrl-comp320109.html
JAR Flavour House,https://www.ingredientsnetwork.com/jar-flavour-house-comp481608.html
Jayanti,https://www.ingredientsnetwork.com/jayanti-comp249064.html
Jays Enterprises Inc,https://www.ingredientsnetwork.com/jays-enterprises-inc-comp327179.html
"Jayu Health Technology (Zhejiang) Co., Ltd.",https://www.ingredientsnetwork.com/jayu-health-technology-zhejiang-co-ltd-comp481497.html
JACARANDAS SARL,https://www.ingredientsnetwork.com/jacarandas-sarl-comp324590.html
Jacobs Douwe Egberts Rtl Scc Sg Pte Ltd,https://www.ingredientsnetwork.com/jacobs-douwe-egberts-rtl-scc-sg-pte-ltd-comp281720.html
Jacobs Douwe Egberts Rtl Scc Sg Pte Ltd.,https://www.ingredientsnetwork.com/jacobs-douwe-egberts-rtl-scc-sg-pte-ltd-comp306092.html
Jai Bharat Gums & Chemicals Ltd.,https://www.ingredientsnetwork.com/jai-bharat-gums-chemicals-ltd-comp323863.html
Jai Bharat Polymers LLP,https://www.ingredientsnetwork.com/jai-bharat-polymers-llp-comp314377.html
Jai Ingredients Pvt. Ltd.,https://www.ingredientsnetwork.com/jai-ingredients-pvt-ltd-comp272256.html
JAP IMPEX,https://www.ingredientsnetwork.com/jap-impex-comp312905.html
Japan Microalgae Exporting Council,https://www.ingredientsnetwork.com/japan-microalgae-exporting-council-comp328613.html
"JAPAN PHARMA Co., Ltd.",https://www.ingredientsnetwork.com/japan-pharma-co-ltd-comp326353.html
Japan Tea Export Council,https://www.ingredientsnetwork.com/japan-tea-export-council-comp269380.html
Javagri,https://www.ingredientsnetwork.com/javagri-comp301997.html
JAY BHERUNATH KRUPA CLEANING,https://www.ingredientsnetwork.com/jay-bherunath-krupa-cleaning-comp475306.html
Jay Chem Marketing,https://www.ingredientsnetwork.com/jay-chem-marketing-comp305871.html
KÄÄPÄ Biotech,https://www.ingredientsnetwork.com/kaapa-biotech-comp475431.html
Kadi Bio Export SARL,https://www.ingredientsnetwork.com/kadi-bio-export-sarl-comp481279.html
KAG Industries,https://www.ingredientsnetwork.com/kag-industries-comp320921.html
Kahkow,https://www.ingredientsnetwork.com/kahkow-comp327180.html
"Kaiyuan Hengtai Nutrition Co., Ltd.",https://www.ingredientsnetwork.com/kaiyuan-hengtai-nutrition-co-ltd-comp277228.html
KALYOTIS,https://www.ingredientsnetwork.com/kalyotis-comp326155.html
Kaneka Corporation,https://www.ingredientsnetwork.com/kaneka-corporation-comp314822.html
Kaneka Medical Europe N.V.,https://www.ingredientsnetwork.com/kaneka-medical-europe-n-v-comp307490.html
"Kangcare Bioindustry Co., Ltd",https://www.ingredientsnetwork.com/kangcare-bioindustry-co-ltd-comp296013.html
Kappa Bioscience Europe GmbH,https://www.ingredientsnetwork.com/kappa-bioscience-europe-gmbh-comp289514.html
Kapsera,https://www.ingredientsnetwork.com/kapsera-comp478523.html
Karagen Indonesia,https://www.ingredientsnetwork.com/karagen-indonesia-comp256174.html
KARMEL s.c.,https://www.ingredientsnetwork.com/karmel-s-c-comp479664.html
Karsai Alba Kft.,https://www.ingredientsnetwork.com/karsai-alba-kft-comp479035.html
KASTUS VANILLA UGANDA,https://www.ingredientsnetwork.com/kastus-vanilla-uganda-comp476644.html
Kauno Grudai,https://www.ingredientsnetwork.com/kauno-grudai-comp304989.html
"Kawman ExAct Ingredients Pvt., Ltd.",https://www.ingredientsnetwork.com/kawman-exact-ingredients-pvt-ltd-comp477971.html
"Kabulinco Jaya, PT",https://www.ingredientsnetwork.com/kabulinco-jaya-pt-comp254989.html
Kadoya Sesame Mills Inc,https://www.ingredientsnetwork.com/kadoya-sesame-mills-inc-comp326193.html
Kaffe Bueno ApS,https://www.ingredientsnetwork.com/kaffe-bueno-aps-comp308009.html
Kaifeng Mayda Foodstuffs Co Ltd,https://www.ingredientsnetwork.com/kaifeng-mayda-foodstuffs-co-ltd-comp270093.html
"KAIFENG MINGREN PHARMACEUTICAL CO.,LTD.",https://www.ingredientsnetwork.com/kaifeng-mingren-pharmaceutical-co-ltd-comp475774.html
Kaiming Agro Processing Ltd,https://www.ingredientsnetwork.com/kaiming-agro-processing-ltd-comp317841.html
"Kaiping Healthwise Health Food Co., Ltd",https://www.ingredientsnetwork.com/kaiping-healthwise-health-food-co-ltd-comp272798.html
KAIZE GROUP LIMITED,https://www.ingredientsnetwork.com/kaize-group-limited-comp273237.html
Kalbe International Pte. Ltd.,https://www.ingredientsnetwork.com/kalbe-international-pte-ltd-comp319833.html
KALIZEA SAS,https://www.ingredientsnetwork.com/kalizea-sas-comp249898.html
KALL INGREDIENTS kft,https://www.ingredientsnetwork.com/kall-ingredients-kft-comp267971.html
Kallbergs Industri AB,https://www.ingredientsnetwork.com/kallbergs-industri-ab-comp268021.html
Kalpesh Corporation,https://www.ingredientsnetwork.com/kalpesh-corporation-comp323865.html
Kalsec Asia Pacific Pte Ltd,https://www.ingredientsnetwork.com/kalsec-asia-pacific-pte-ltd-comp282180.html
Kalsec Europe Ltd.,https://www.ingredientsnetwork.com/kalsec-europe-ltd-comp248682.html
Kamdhenu Agri Industries,https://www.ingredientsnetwork.com/kamdhenu-agri-industries-comp306653.html
Kamdhenu Foods Limited,https://www.ingredientsnetwork.com/kamdhenu-foods-limited-comp323894.html
KANAIYA EXPORTS PVT. LTD.,https://www.ingredientsnetwork.com/kanaiya-exports-pvt-ltd-comp312906.html
Kanaiya Exports- Kontakt VN,https://www.ingredientsnetwork.com/kanaiya-exports-kontakt-vn-comp476331.html
Kanbo Biomedical Co Ltd,https://www.ingredientsnetwork.com/kanbo-biomedical-co-ltd-comp269157.html
Kanbo International (US) Inc.,https://www.ingredientsnetwork.com/kanbo-international-us-inc-comp251218.html
Kandetiya Agro Products Pvt Ltd,https://www.ingredientsnetwork.com/kandetiya-agro-products-pvt-ltd-comp285220.html
Kandy,https://www.ingredientsnetwork.com/kandy-comp323866.html
Kanegrade Ltd.,https://www.ingredientsnetwork.com/kanegrade-ltd-comp250033.html
Kanehide Bio Co Ltd,https://www.ingredientsnetwork.com/kanehide-bio-co-ltd-comp250499.html
Kanehide/Holstein,https://www.ingredientsnetwork.com/kanehide-holstein-comp307780.html
Kanematsu Chemicals Corporation,https://www.ingredientsnetwork.com/kanematsu-chemicals-corporation-comp314030.html
Kanematsu Corportation,https://www.ingredientsnetwork.com/kanematsu-corportation-comp285177.html
KAOKA,https://www.ingredientsnetwork.com/kaoka-comp314360.html
KAP( XIAMEN) Biotech Co. Ltd.,https://www.ingredientsnetwork.com/kap-xiamen-biotech-co-ltd-comp320017.html
"KAPITAN (SHANGHAI) TRADE CO., LTD.",https://www.ingredientsnetwork.com/kapitan-shanghai-trade-co-ltd-comp296150.html
"Kappa Carrageenan Nusantara, PT",https://www.ingredientsnetwork.com/kappa-carrageenan-nusantara-pt-comp249663.html
Kaprina . d.o.o,https://www.ingredientsnetwork.com/kaprina-d-o-o-comp279251.html
Karallief,https://www.ingredientsnetwork.com/karallief-comp290448.html
"Karashiya Shiro Co., Ltd.",https://www.ingredientsnetwork.com/karashiya-shiro-co-ltd-comp314725.html
Kareks Import Export & Trading Co.Ltd.,https://www.ingredientsnetwork.com/kareks-import-export-trading-co-ltd-comp313362.html
KARES-UP,https://www.ingredientsnetwork.com/kares-up-comp312987.html
Karimex,https://www.ingredientsnetwork.com/karimex-comp267942.html
Karl Bindewald GmbH,https://www.ingredientsnetwork.com/karl-bindewald-gmbh-comp284889.html
KarLiz Ltd. (Carlos'Bugs - insect food products),https://www.ingredientsnetwork.com/karliz-ltd-carlos-bugs-insect-food-products-comp312797.html
Karnataka Aromas,https://www.ingredientsnetwork.com/karnataka-aromas-comp305031.html
Karomas Aromatics,https://www.ingredientsnetwork.com/karomas-aromatics-comp323154.html
Karta International Sdn Bhd,https://www.ingredientsnetwork.com/karta-international-sdn-bhd-comp286762.html
"Karya Aroma Sejahtera, PT",https://www.ingredientsnetwork.com/karya-aroma-sejahtera-pt-comp291392.html
Karya Insaat Tarim San. Tic. A.S,https://www.ingredientsnetwork.com/karya-insaat-tarim-san-tic-a-s-comp301503.html
Kasi Food B.V.,https://www.ingredientsnetwork.com/kasi-food-b-v-comp279252.html
Kaskein Marja Oy,https://www.ingredientsnetwork.com/kaskein-marja-oy-comp251221.html
Kasyap Sweetners Limited,https://www.ingredientsnetwork.com/kasyap-sweetners-limited-comp251222.html
Katapult Studios,https://www.ingredientsnetwork.com/katapult-studios-comp290370.html
Katoen Natie - J-Tec Material Handling.,https://www.ingredientsnetwork.com/katoen-natie-j-tec-material-handling-comp326194.html
Katra Phytochem India Pvt. Ltd.,https://www.ingredientsnetwork.com/katra-phytochem-india-pvt-ltd-comp269076.html
Kavalife Pvt Ltd,https://www.ingredientsnetwork.com/kavalife-pvt-ltd-comp322047.html
Kazeina Polska Sp.z.o.o.,https://www.ingredientsnetwork.com/kazeina-polska-sp-z-o-o-comp272343.html
"Kazuo Beiyin Paper And Plastic Packing Co.,ltd",https://www.ingredientsnetwork.com/kazuo-beiyin-paper-and-plastic-packing-co-ltd-comp314973.html
La Giulia S.R.L,https://www.ingredientsnetwork.com/la-giulia-s-r-l-comp476312.html
LA MARGARITA FOOD & SERVICES,https://www.ingredientsnetwork.com/la-margarita-food-services-comp323608.html
LA SANFERMESE S.P.A,https://www.ingredientsnetwork.com/la-sanfermese-s-p-a-comp279257.html
LabAnalysis Life Science,https://www.ingredientsnetwork.com/labanalysis-life-science-comp324261.html
LABELISTEN,https://www.ingredientsnetwork.com/labelisten-comp317458.html
Labelprofi d.o.o.,https://www.ingredientsnetwork.com/labelprofi-d-o-o-comp482094.html
Labialfarma,https://www.ingredientsnetwork.com/labialfarma-comp323078.html
Labinderb,https://www.ingredientsnetwork.com/labinderb-comp324262.html
Labiotre srl,https://www.ingredientsnetwork.com/labiotre-srl-comp475433.html
LABOMAR GROUP,https://www.ingredientsnetwork.com/labomar-group-comp307499.html
Labophyto,https://www.ingredientsnetwork.com/labophyto-comp326245.html
Laboratoire CCD,https://www.ingredientsnetwork.com/laboratoire-ccd-comp312827.html
LABORATOIRE DIELEN,https://www.ingredientsnetwork.com/laboratoire-dielen-comp312888.html
Laboratoire Floralpina,https://www.ingredientsnetwork.com/laboratoire-floralpina-comp319892.html
Laboratoire NF2S,https://www.ingredientsnetwork.com/laboratoire-nf2s-comp307500.html
Laboratoire PYC,https://www.ingredientsnetwork.com/laboratoire-pyc-comp319893.html
LABORATOIRES ACTIVA,https://www.ingredientsnetwork.com/laboratoires-activa-comp314826.html
Laboratoires ClemaScience,https://www.ingredientsnetwork.com/laboratoires-clemascience-comp307502.html
Laboratoires Diephez,https://www.ingredientsnetwork.com/laboratoires-diephez-comp312828.html
Laboratoires Expanscience,https://www.ingredientsnetwork.com/laboratoires-expanscience-comp326238.html
Laboratoires Grand Fontaine,https://www.ingredientsnetwork.com/laboratoires-grand-fontaine-comp478525.html
Laboratoires industriels G.Pichot,https://www.ingredientsnetwork.com/laboratoires-industriels-g-pichot-comp326246.html
Laboratoires Lebeau,https://www.ingredientsnetwork.com/laboratoires-lebeau-comp475245.html
Laboratoires Novapharm,https://www.ingredientsnetwork.com/laboratoires-novapharm-comp312835.html
LABORATOIRES PASQUIER,https://www.ingredientsnetwork.com/laboratoires-pasquier-comp319894.html
Laboratoires Quinton International,https://www.ingredientsnetwork.com/laboratoires-quinton-international-comp312894.html
LABORATORI BIOKYMA S.R.L.,https://www.ingredientsnetwork.com/laboratori-biokyma-s-r-l-comp319895.html
Laboratoria Natury sp. z o.o.,https://www.ingredientsnetwork.com/laboratoria-natury-sp-z-o-o-comp312501.html
Laboratorio Bio-Dis,https://www.ingredientsnetwork.com/laboratorio-bio-dis-comp478526.html
Laboratorios Anur S.L.U.,https://www.ingredientsnetwork.com/laboratorios-anur-s-l-u-comp309268.html
LABORATORIOS MORALES SOLER SL,https://www.ingredientsnetwork.com/laboratorios-morales-soler-sl-comp326247.html
Laboratorios Virens,https://www.ingredientsnetwork.com/laboratorios-virens-comp312896.html
Laboratorios Ynsadiet,https://www.ingredientsnetwork.com/laboratorios-ynsadiet-comp478527.html
Lactalis Ingredients,https://www.ingredientsnetwork.com/lactalis-ingredients-comp249103.html
LACTALIS NUTRITION SANTE,https://www.ingredientsnetwork.com/lactalis-nutrition-sante-comp312829.html
Lacterra GmbH,https://www.ingredientsnetwork.com/lacterra-gmbh-comp482095.html
LACTOGAL PRODUTOS ALIMENTARES SA .,https://www.ingredientsnetwork.com/lactogal-produtos-alimentares-sa-comp396006.html
Lactoland Trockenmilchwerk GmbH,https://www.ingredientsnetwork.com/lactoland-trockenmilchwerk-gmbh-comp251233.html
"LACTOMASON CO.,LTD.",https://www.ingredientsnetwork.com/lactomason-co-ltd-comp277308.html
Lactonova Nutripharm Pvt. Ltd,https://www.ingredientsnetwork.com/lactonova-nutripharm-pvt-ltd-comp480897.html
Lactopia GmbH,https://www.ingredientsnetwork.com/lactopia-gmbh-comp272801.html
Lactoprot,https://www.ingredientsnetwork.com/lactoprot-comp249662.html
Lactosan A/S,https://www.ingredientsnetwork.com/lactosan-a-s-comp249086.html
Laerbium Pharma Srl,https://www.ingredientsnetwork.com/laerbium-pharma-srl-comp312881.html
LAILA NUTRA PRIVATE LIMITED,https://www.ingredientsnetwork.com/laila-nutra-private-limited-comp476657.html
LAÏTA NUTRITION,https://www.ingredientsnetwork.com/laita-nutrition-comp313300.html
LAIWU MANHING VEGETABLES FRUITS CORPORATION,https://www.ingredientsnetwork.com/laiwu-manhing-vegetables-fruits-corporation-comp270693.html
"Laiwu Taihe Biochemistry Co.,Ltd.",https://www.ingredientsnetwork.com/laiwu-taihe-biochemistry-co-ltd-comp249765.html
Lakeland Dairies,https://www.ingredientsnetwork.com/lakeland-dairies-comp308088.html
Lallemand Bio-ingredients,https://www.ingredientsnetwork.com/lallemand-bio-ingredients-comp264757.html
Lallemand Health Solutions,https://www.ingredientsnetwork.com/lallemand-health-solutions-comp307504.html
Lalsai Global Limited,https://www.ingredientsnetwork.com/lalsai-global-limited-comp251235.html
Lalsai Global Ltd.,https://www.ingredientsnetwork.com/lalsai-global-ltd-comp476082.html
Lambo Laboratories,https://www.ingredientsnetwork.com/lambo-laboratories-comp307505.html
Lameri S.p.A.,https://www.ingredientsnetwork.com/lameri-s-p-a-comp267889.html
"LANDOIL CHEMICAL GROUP CO.,LTD.",https://www.ingredientsnetwork.com/landoil-chemical-group-co-ltd-comp481668.html
LANDSCHAFT FOOD PRODUCTS LLP,https://www.ingredientsnetwork.com/landschaft-food-products-llp-comp475695.html
"Langgeng Laris Cemerlang,PT",https://www.ingredientsnetwork.com/langgeng-laris-cemerlang-pt-comp477281.html
Lantmännen Biorefineries,https://www.ingredientsnetwork.com/lantmannen-biorefineries-comp279258.html
Lantmännen Biorefineries,https://www.ingredientsnetwork.com/lantmannen-biorefineries-comp475434.html
LAPI GELATINE SPA,https://www.ingredientsnetwork.com/lapi-gelatine-spa-comp249109.html
Larn Srl,https://www.ingredientsnetwork.com/larn-srl-comp307507.html
Lasenor India Pvt Ltd,https://www.ingredientsnetwork.com/lasenor-india-pvt-ltd-comp269081.html
Lašu duona,https://www.ingredientsnetwork.com/lasu-duona-comp481816.html
LAUTA CARRAGEENANS,https://www.ingredientsnetwork.com/lauta-carrageenans-comp270545.html
"Lautan Luas Tbk, PT",https://www.ingredientsnetwork.com/lautan-luas-tbk-pt-comp477282.html
"Lautan Natural Krimerindo,PT",https://www.ingredientsnetwork.com/lautan-natural-krimerindo-pt-comp250039.html
"LAVARIAN AROMINDO PRATAMA , PT",https://www.ingredientsnetwork.com/lavarian-aromindo-pratama-pt-comp477283.html
LaVitella,https://www.ingredientsnetwork.com/lavitella-comp475952.html
Lawnia Extracts Pvt Ltd,https://www.ingredientsnetwork.com/lawnia-extracts-pvt-ltd-comp480776.html
Laxmi Industrial Corporation,https://www.ingredientsnetwork.com/laxmi-industrial-corporation-comp315810.html
Lay Gewürze GmbH,https://www.ingredientsnetwork.com/lay-gewurze-gmbh-comp267862.html
LA Coffolaterie SA,https://www.ingredientsnetwork.com/la-coffolaterie-sa-comp323868.html
La Famille Boutrais,https://www.ingredientsnetwork.com/la-famille-boutrais-comp283162.html
LA GRAMA,https://www.ingredientsnetwork.com/la-grama-comp304215.html
LA HUERTA DE LA VERA,https://www.ingredientsnetwork.com/la-huerta-de-la-vera-comp477143.html
"La Nogalera USA, Inc",https://www.ingredientsnetwork.com/la-nogalera-usa-inc-comp309015.html
La Sibila S.A,https://www.ingredientsnetwork.com/la-sibila-s-a-comp476380.html
La Tourangelle S.A.S,https://www.ingredientsnetwork.com/la-tourangelle-s-a-s-comp267901.html
Lab Lab Ltd,https://www.ingredientsnetwork.com/lab-lab-ltd-comp285179.html
Labo Smeets NV,https://www.ingredientsnetwork.com/labo-smeets-nv-comp308395.html
LABONATHUS,https://www.ingredientsnetwork.com/labonathus-comp249413.html
Laborat�rio Colaborativo Para O Desenvol,https://www.ingredientsnetwork.com/laboratrio-colaborativo-para-o-desenvol-comp319449.html
Laboratoire Herbateach,https://www.ingredientsnetwork.com/laboratoire-herbateach-comp307501.html
LABORATOIRES PARIS ELYSEES,https://www.ingredientsnetwork.com/laboratoires-paris-elysees-comp277203.html
Laboratoires Phyco-Biotech,https://www.ingredientsnetwork.com/laboratoires-phyco-biotech-comp319637.html
LABORATOIRES SETHIC INNOVATIONS,https://www.ingredientsnetwork.com/laboratoires-sethic-innovations-comp326357.html
Laboratories Gran Fontaine,https://www.ingredientsnetwork.com/laboratories-gran-fontaine-comp323164.html
Laboratorio Algas Marinas S.A.C,https://www.ingredientsnetwork.com/laboratorio-algas-marinas-s-a-c-comp282696.html
Laboratorios Amerex,https://www.ingredientsnetwork.com/laboratorios-amerex-comp294149.html
LABORATORIOS VIÃÂÃÂÃÂÃÂAS SA.,https://www.ingredientsnetwork.com/laboratorios-viaaaaaaaaas-sa-comp312895.html
LACA OGA SIA,https://www.ingredientsnetwork.com/laca-oga-sia-comp312798.html
Lacnea a.s.,https://www.ingredientsnetwork.com/lacnea-a-s-comp272341.html
LACTALIS B&C,https://www.ingredientsnetwork.com/lactalis-b-c-comp476332.html
Lactobio A/S,https://www.ingredientsnetwork.com/lactobio-a-s-comp307503.html
Lactonova Nutripharm Pvt. Ltd,https://www.ingredientsnetwork.com/lactonova-nutripharm-pvt-ltd-comp480882.html
Lactonova Nutripharm Pvt. Ltd,https://www.ingredientsnetwork.com/lactonova-nutripharm-pvt-ltd-comp480895.html
Ladmok Company Limited,https://www.ingredientsnetwork.com/ladmok-company-limited-comp284743.html
Laïta Nutrition,https://www.ingredientsnetwork.com/laita-nutrition-comp326237.html
"Laizhou Longpeng Chemical Co., Ltd",https://www.ingredientsnetwork.com/laizhou-longpeng-chemical-co-ltd-comp296036.html
Lalsai Dehy Foods,https://www.ingredientsnetwork.com/lalsai-dehy-foods-comp306029.html
Laly Bakery Group,https://www.ingredientsnetwork.com/laly-bakery-group-comp475313.html
Lamaria Honey,https://www.ingredientsnetwork.com/lamaria-honey-comp324533.html
Lambda Biologics GmbH,https://www.ingredientsnetwork.com/lambda-biologics-gmbh-comp323165.html
Langfang Bexin Chemical Co Ltd,https://www.ingredientsnetwork.com/langfang-bexin-chemical-co-ltd-comp269332.html
Lanna Products Company Limited,https://www.ingredientsnetwork.com/lanna-products-company-limited-comp475297.html
"LANXESS Thai Co.,Ltd.",https://www.ingredientsnetwork.com/lanxess-thai-co-ltd-comp281625.html
Lao Integrated Farms Inc.,https://www.ingredientsnetwork.com/lao-integrated-farms-inc-comp324180.html
LAPI GELATINE,https://www.ingredientsnetwork.com/lapi-gelatine-comp307506.html
Large Lucas,https://www.ingredientsnetwork.com/large-lucas-comp318814.html
Large Lucas,https://www.ingredientsnetwork.com/large-lucas-comp318815.html
Large Lucas,https://www.ingredientsnetwork.com/large-lucas-comp318816.html
Larvida Pharmaceuticals,https://www.ingredientsnetwork.com/larvida-pharmaceuticals-comp269152.html
Lasenor,https://www.ingredientsnetwork.com/lasenor-comp248793.html
Lasenor Brasil,https://www.ingredientsnetwork.com/lasenor-brasil-comp282558.html
Lasons India Pvt. Ltd.,https://www.ingredientsnetwork.com/lasons-india-pvt-ltd-comp321478.html
L'Atelier Vanille,https://www.ingredientsnetwork.com/l-atelier-vanille-comp284362.html
Latvian Dairy Committee,https://www.ingredientsnetwork.com/latvian-dairy-committee-comp317843.html
LAUMONT TRUFFLES SLU,https://www.ingredientsnetwork.com/laumont-truffles-slu-comp306942.html
Laurus Labs Ltd,https://www.ingredientsnetwork.com/laurus-labs-ltd-comp273585.html
Laus Servicios y Maquinaria SL,https://www.ingredientsnetwork.com/laus-servicios-y-maquinaria-sl-comp324263.html
"Lawsim Zecha, PT",https://www.ingredientsnetwork.com/lawsim-zecha-pt-comp254985.html
LAXMI ENTERPRISES,https://www.ingredientsnetwork.com/laxmi-enterprises-comp315839.html
Layn USA,https://www.ingredientsnetwork.com/layn-usa-comp271789.html
Lazy Trendy SDN BHD,https://www.ingredientsnetwork.com/lazy-trendy-sdn-bhd-comp308364.html
Maahir Foods,https://www.ingredientsnetwork.com/maahir-foods-comp268031.html
MAAK Natural Extracts Pvt Ltd,https://www.ingredientsnetwork.com/maak-natural-extracts-pvt-ltd-comp306648.html
maBitec GmbH,https://www.ingredientsnetwork.com/mabitec-gmbh-comp477030.html
"Macco Organiques, Inc.",https://www.ingredientsnetwork.com/macco-organiques-inc-comp284566.html
"Macco Organiques, s.r.o.",https://www.ingredientsnetwork.com/macco-organiques-s-r-o-comp248832.html
"MACHINDOTAMA ABADI,PT",https://www.ingredientsnetwork.com/machindotama-abadi-pt-comp479773.html
"Mackessen Indonesia,PT",https://www.ingredientsnetwork.com/mackessen-indonesia-pt-comp319487.html
Madagascar Truly Authentics,https://www.ingredientsnetwork.com/madagascar-truly-authentics-comp323616.html
MADAGASCAR VANILECO SARL,https://www.ingredientsnetwork.com/madagascar-vanileco-sarl-comp317391.html
Made Group,https://www.ingredientsnetwork.com/made-group-comp482097.html
Maes Honey Company,https://www.ingredientsnetwork.com/maes-honey-company-comp477926.html
Magnesia GmbH,https://www.ingredientsnetwork.com/magnesia-gmbh-comp307512.html
Magtein,https://www.ingredientsnetwork.com/magtein-comp319339.html
"MAHA KIMIA INDONESIA,PT",https://www.ingredientsnetwork.com/maha-kimia-indonesia-pt-comp477284.html
Maharaja Dehydration Pvt Ltd.,https://www.ingredientsnetwork.com/maharaja-dehydration-pvt-ltd-comp251662.html
Maikal Green Foods Pvt Ltd,https://www.ingredientsnetwork.com/maikal-green-foods-pvt-ltd-comp481698.html
Mainfrucht GmbH & Co. KG,https://www.ingredientsnetwork.com/mainfrucht-gmbh-co-kg-comp249088.html
"Makmur Pangan Kharisma,PT",https://www.ingredientsnetwork.com/makmur-pangan-kharisma-pt-comp273549.html
Malaysian Palm Oil Council,https://www.ingredientsnetwork.com/malaysian-palm-oil-council-comp328089.html
Malaysian Rubber Council,https://www.ingredientsnetwork.com/malaysian-rubber-council-comp317662.html
"Malee Applied Sciences Co.,Ltd",https://www.ingredientsnetwork.com/malee-applied-sciences-co-ltd-comp481312.html
Malkara Birlik Sut ve Sut Mamulleri A.S.,https://www.ingredientsnetwork.com/malkara-birlik-sut-ve-sut-mamulleri-a-s-comp250508.html
Manchiee De Coco Products,https://www.ingredientsnetwork.com/manchiee-de-coco-products-comp285221.html
Mane Kancor,https://www.ingredientsnetwork.com/mane-kancor-comp249084.html
Mane Kancor Ingredients,https://www.ingredientsnetwork.com/mane-kancor-ingredients-comp481577.html
Mangalmurti Psyllium Industries,https://www.ingredientsnetwork.com/mangalmurti-psyllium-industries-comp480768.html
Manghebati,https://www.ingredientsnetwork.com/manghebati-comp480886.html
Manipal Natural Pvt Ltd,https://www.ingredientsnetwork.com/manipal-natural-pvt-ltd-comp309768.html
MANSI FOODS,https://www.ingredientsnetwork.com/mansi-foods-comp317663.html
Mantrose Group,https://www.ingredientsnetwork.com/mantrose-group-comp249643.html
Manuchar,https://www.ingredientsnetwork.com/manuchar-comp318797.html
Maolac,https://www.ingredientsnetwork.com/maolac-comp477984.html
MAR-FARMA S.R.L.,https://www.ingredientsnetwork.com/mar-farma-s-r-l-comp482098.html
Mara Renewables Corporation,https://www.ingredientsnetwork.com/mara-renewables-corporation-comp277501.html
MarbleMat s.r.o,https://www.ingredientsnetwork.com/marblemat-s-r-o-comp326416.html
Marceval Crunchy Nuts,https://www.ingredientsnetwork.com/marceval-crunchy-nuts-comp282073.html
Marchesini Group,https://www.ingredientsnetwork.com/marchesini-group-comp317500.html
MARENOSTRUMTECH SL,https://www.ingredientsnetwork.com/marenostrumtech-sl-comp328049.html
Marigot Ltd,https://www.ingredientsnetwork.com/marigot-ltd-comp248761.html
Marine Hydrocolloids,https://www.ingredientsnetwork.com/marine-hydrocolloids-comp250678.html
Marinova Pty Ltd,https://www.ingredientsnetwork.com/marinova-pty-ltd-comp307513.html
"Markaindo Selaras,PT",https://www.ingredientsnetwork.com/markaindo-selaras-pt-comp254987.html
"Marnys-Martinez Nieto, S.A.",https://www.ingredientsnetwork.com/marnys-martinez-nieto-s-a-comp314831.html
MartinBauer Nutraceuticals,https://www.ingredientsnetwork.com/martinbauer-nutraceuticals-comp307449.html
Martinez Nieto,https://www.ingredientsnetwork.com/martinez-nieto-comp307514.html
MartinoRossi SpA,https://www.ingredientsnetwork.com/martinorossi-spa-comp251069.html
Marullo SpA,https://www.ingredientsnetwork.com/marullo-spa-comp308001.html
"MARUSAN-AI CO., LTD.",https://www.ingredientsnetwork.com/marusan-ai-co-ltd-comp481422.html
"MARUZEN PHARMACEUTICALS Co., Ltd.",https://www.ingredientsnetwork.com/maruzen-pharmaceuticals-co-ltd-comp326360.html
MASA AROMA PTE. LTD.,https://www.ingredientsnetwork.com/masa-aroma-pte-ltd-comp481849.html
Masenz Danya Group,https://www.ingredientsnetwork.com/masenz-danya-group-comp307515.html
MASPEX - GMW Sp. z o.o. Sp. k,https://www.ingredientsnetwork.com/maspex-gmw-sp-z-o-o-sp-k-comp481578.html
Maspex B2B,https://www.ingredientsnetwork.com/maspex-b2b-comp304571.html
MASTERCHEM LOGOPLASTE Sp. z o.o.,https://www.ingredientsnetwork.com/masterchem-logoplaste-sp-z-o-o-comp326157.html
Mastrigo Bio-Gourmet,https://www.ingredientsnetwork.com/mastrigo-bio-gourmet-comp312897.html
"Matahari Raya Kimiatama,PT",https://www.ingredientsnetwork.com/matahari-raya-kimiatama-pt-comp289723.html
MATCO FOODS (PVT) LTD.,https://www.ingredientsnetwork.com/matco-foods-pvt-ltd-comp267696.html
MaterialsZone,https://www.ingredientsnetwork.com/materialszone-comp481423.html
MATRADE - Malaysia External Trade Dev,https://www.ingredientsnetwork.com/matrade-malaysia-external-trade-dev-comp295289.html
Matrix Flavours and Fragrances,https://www.ingredientsnetwork.com/matrix-flavours-and-fragrances-comp281300.html
Matrix Life Science,https://www.ingredientsnetwork.com/matrix-life-science-comp251660.html
Matrix Life Science,https://www.ingredientsnetwork.com/matrix-life-science-comp481313.html
Matrix Sdn Bhd,https://www.ingredientsnetwork.com/matrix-sdn-bhd-comp249955.html
Maturis GmbH,https://www.ingredientsnetwork.com/maturis-gmbh-comp482065.html
MAYA GELATIN,https://www.ingredientsnetwork.com/maya-gelatin-comp326957.html
"Maydi International Co., Ltd.",https://www.ingredientsnetwork.com/maydi-international-co-ltd-comp326474.html
Mayla Pharmaceuticals,https://www.ingredientsnetwork.com/mayla-pharmaceuticals-comp312898.html
Maypro Industries,https://www.ingredientsnetwork.com/maypro-industries-comp271790.html
Maypro Industries LLC,https://www.ingredientsnetwork.com/maypro-industries-llc-comp326361.html
MAYSA GIDA San ve Tic. A.S,https://www.ingredientsnetwork.com/maysa-gida-san-ve-tic-a-s-comp289564.html
MAASH S.A.,https://www.ingredientsnetwork.com/maash-s-a-comp319337.html
Mackessen Chemical Pte Ltd.,https://www.ingredientsnetwork.com/mackessen-chemical-pte-ltd-comp289722.html
Mackessen Chemical Pte Ltd.,https://www.ingredientsnetwork.com/mackessen-chemical-pte-ltd-comp291393.html
"Mackessen Indonesia, PT",https://www.ingredientsnetwork.com/mackessen-indonesia-pt-comp272323.html
MADAGASCAR’S VANILLA EXPORT,https://www.ingredientsnetwork.com/madagascar-s-vanilla-export-comp291335.html
MAFCO WORLDWIDE CORP,https://www.ingredientsnetwork.com/mafco-worldwide-corp-comp248796.html
Magellan Food Ingredients BV,https://www.ingredientsnetwork.com/magellan-food-ingredients-bv-comp324630.html
Magellan Life Sciences,https://www.ingredientsnetwork.com/magellan-life-sciences-comp277719.html
Magic Flairs,https://www.ingredientsnetwork.com/magic-flairs-comp314070.html
MaGie Creations,https://www.ingredientsnetwork.com/magie-creations-comp324031.html
MAHA CHEMICALS (ASIA) PTE LTD,https://www.ingredientsnetwork.com/maha-chemicals-asia-pte-ltd-comp323021.html
Maheder Food Processing,https://www.ingredientsnetwork.com/maheder-food-processing-comp316664.html
MAHENINTSOA EXPORT,https://www.ingredientsnetwork.com/mahenintsoa-export-comp476382.html
Mahidol University International College,https://www.ingredientsnetwork.com/mahidol-university-international-college-comp315881.html
Maison Pharmtec,https://www.ingredientsnetwork.com/maison-pharmtec-comp477983.html
MAK FOOD COMPANY S.L.,https://www.ingredientsnetwork.com/mak-food-company-s-l-comp314542.html
Makks Dehydrators Pvt Ltd,https://www.ingredientsnetwork.com/makks-dehydrators-pvt-ltd-comp323594.html
Malaysian Cocoa Board (MCB),https://www.ingredientsnetwork.com/malaysian-cocoa-board-mcb-comp301505.html
MALAYSIAN PALM OIL COUNCIL,https://www.ingredientsnetwork.com/malaysian-palm-oil-council-comp301506.html
Malik Seasoning & Spices (P) Ltd.,https://www.ingredientsnetwork.com/malik-seasoning-spices-p-ltd-comp272255.html
Maltby S.A,https://www.ingredientsnetwork.com/maltby-s-a-comp320922.html
MANE DO BRASIL,https://www.ingredientsnetwork.com/mane-do-brasil-comp266962.html
Manghebati,https://www.ingredientsnetwork.com/manghebati-comp480905.html
Manghebati,https://www.ingredientsnetwork.com/manghebati-comp480907.html
Manghebati,https://www.ingredientsnetwork.com/manghebati-comp480908.html
Manibhadra Food Products,https://www.ingredientsnetwork.com/manibhadra-food-products-comp305872.html
Manidhari Gums And Chemicals,https://www.ingredientsnetwork.com/manidhari-gums-and-chemicals-comp323870.html
Manish Mangla Flavours Pvt. Ltd.,https://www.ingredientsnetwork.com/manish-mangla-flavours-pvt-ltd-comp271889.html
Manolet Almonds,https://www.ingredientsnetwork.com/manolet-almonds-comp308089.html
Manorama Industries Ltd,https://www.ingredientsnetwork.com/manorama-industries-ltd-comp253032.html
Manstrose-Haeuser Co. Inc.,https://www.ingredientsnetwork.com/manstrose-haeuser-co-inc-comp305749.html
MANTRA INDUSTRIES,https://www.ingredientsnetwork.com/mantra-industries-comp475263.html
MantraPharm,https://www.ingredientsnetwork.com/mantrapharm-comp326359.html
"Mantrose-Haeuser Co,.Inc",https://www.ingredientsnetwork.com/mantrose-haeuser-co-inc-comp256175.html
Manufacturas Serviplast S.A,https://www.ingredientsnetwork.com/manufacturas-serviplast-s-a-comp319630.html
Manuka Health NZ Limited,https://www.ingredientsnetwork.com/manuka-health-nz-limited-comp273172.html
Manus Bio Inc.,https://www.ingredientsnetwork.com/manus-bio-inc-comp322923.html
MARAS GOLD,https://www.ingredientsnetwork.com/maras-gold-comp323871.html
"Marga Dwi Kencana,PT",https://www.ingredientsnetwork.com/marga-dwi-kencana-pt-comp272324.html
Mariani Packing Co Inc,https://www.ingredientsnetwork.com/mariani-packing-co-inc-comp268463.html
marin basim ve ambalaj,https://www.ingredientsnetwork.com/marin-basim-ve-ambalaj-comp309362.html
"Mariner Group Co., Ltd.",https://www.ingredientsnetwork.com/mariner-group-co-ltd-comp475673.html
MARIPRYCE GROUPS LIMITED,https://www.ingredientsnetwork.com/maripryce-groups-limited-comp319450.html
Mark's Food Solutions Sdn Bhd,https://www.ingredientsnetwork.com/mark-s-food-solutions-sdn-bhd-comp326180.html
Martin Bauer Group,https://www.ingredientsnetwork.com/martin-bauer-group-comp279260.html
"Marukome Co., Ltd.",https://www.ingredientsnetwork.com/marukome-co-ltd-comp294176.html
Maruti Aromatics & Flavours,https://www.ingredientsnetwork.com/maruti-aromatics-flavours-comp282328.html
MaryRuth's,https://www.ingredientsnetwork.com/maryruth-s-comp307879.html
Mason Vitamins Inc.,https://www.ingredientsnetwork.com/mason-vitamins-inc-comp315158.html
Masruq Investment Limited,https://www.ingredientsnetwork.com/masruq-investment-limited-comp284745.html
MASTERASIA MARKETING CO LTD,https://www.ingredientsnetwork.com/masterasia-marketing-co-ltd-comp323057.html
MASTERSENSE,https://www.ingredientsnetwork.com/mastersense-comp249425.html
"Matcha Muda Manggala,PT",https://www.ingredientsnetwork.com/matcha-muda-manggala-pt-comp292646.html
MATERNA OPERATIONS,https://www.ingredientsnetwork.com/materna-operations-comp312831.html
MATERNE INDUSTRIES,https://www.ingredientsnetwork.com/materne-industries-comp249944.html
MATRIX COMERCIO E REPRESENTACOES LTDA,https://www.ingredientsnetwork.com/matrix-comercio-e-representacoes-ltda-comp249422.html
Maturis GmbH,https://www.ingredientsnetwork.com/maturis-gmbh-comp482059.html
Maui Milk,https://www.ingredientsnetwork.com/maui-milk-comp314832.html
Maxcure Nutravedics Ltd,https://www.ingredientsnetwork.com/maxcure-nutravedics-ltd-comp305873.html
Maxfry GmbH,https://www.ingredientsnetwork.com/maxfry-gmbh-comp251255.html
"Maxway Co., Ltd.",https://www.ingredientsnetwork.com/maxway-co-ltd-comp250510.html
Mayasan Gida San. Ve Tic. AS,https://www.ingredientsnetwork.com/mayasan-gida-san-ve-tic-as-comp249884.html
Maye Biotec,https://www.ingredientsnetwork.com/maye-biotec-comp306224.html
Máyla Pharmaceuticals,https://www.ingredientsnetwork.com/mayla-pharmaceuticals-comp314833.html
MAYOR IN-VIVO,https://www.ingredientsnetwork.com/mayor-in-vivo-comp312832.html
Maypro Industries Inc.,https://www.ingredientsnetwork.com/maypro-industries-inc-comp296183.html
Maytech Endustriyel Gida ve San. Tic. Ltd. Sti,https://www.ingredientsnetwork.com/maytech-endustriyel-gida-ve-san-tic-ltd-sti-comp315842.html
Mayvi International Pvt Ltd,https://www.ingredientsnetwork.com/mayvi-international-pvt-ltd-comp305874.html
NAC,https://www.ingredientsnetwork.com/nac-comp477066.html
Nactarome,https://www.ingredientsnetwork.com/nactarome-comp302417.html
Nagase Food Ingredients,https://www.ingredientsnetwork.com/nagase-food-ingredients-comp272327.html
Nahrin AG,https://www.ingredientsnetwork.com/nahrin-ag-comp307525.html
NAIE SA,https://www.ingredientsnetwork.com/naie-sa-comp295971.html
nako naturals GmbH,https://www.ingredientsnetwork.com/nako-naturals-gmbh-comp324266.html
Nalkein Italia S.R.L.,https://www.ingredientsnetwork.com/nalkein-italia-s-r-l-comp478531.html
NAMED GROUP,https://www.ingredientsnetwork.com/named-group-comp324732.html
"Namsiang Co.,Ltd.",https://www.ingredientsnetwork.com/namsiang-co-ltd-comp250519.html
"Nanjing Ascend Biotech Co., Ltd.",https://www.ingredientsnetwork.com/nanjing-ascend-biotech-co-ltd-comp477985.html
"Nanjing Biotogether Co.,Ltd.",https://www.ingredientsnetwork.com/nanjing-biotogether-co-ltd-comp316181.html
"NANJING LETOP BIOTECHNOLOGY CO.,LTD.",https://www.ingredientsnetwork.com/nanjing-letop-biotechnology-co-ltd-comp481152.html
Nanjing Providence,https://www.ingredientsnetwork.com/nanjing-providence-comp313937.html
"Nanjing Tessin Biotechnology Co., Ltd",https://www.ingredientsnetwork.com/nanjing-tessin-biotechnology-co-ltd-comp323060.html
"Nanjing Union Biotech Co., Ltd.",https://www.ingredientsnetwork.com/nanjing-union-biotech-co-ltd-comp269132.html
"Nanjing Youneng Health Industry Group Co., Ltd.",https://www.ingredientsnetwork.com/nanjing-youneng-health-industry-group-co-ltd-comp481717.html
"Nanning Harworld Biotechnology Co., Ltd",https://www.ingredientsnetwork.com/nanning-harworld-biotechnology-co-ltd-comp475875.html
Nanning Pangbo Biological Engineering Co,https://www.ingredientsnetwork.com/nanning-pangbo-biological-engineering-co-comp251272.html
Nanoscoping,https://www.ingredientsnetwork.com/nanoscoping-comp326749.html
Nantong Acetic Acid,https://www.ingredientsnetwork.com/nantong-acetic-acid-comp478808.html
"Nantong Acetic Acid Chemical Co., Ltd.",https://www.ingredientsnetwork.com/nantong-acetic-acid-chemical-co-ltd-comp249125.html
"Nantong Alchemy Biotech Development Co., Ltd",https://www.ingredientsnetwork.com/nantong-alchemy-biotech-development-co-ltd-comp249710.html
Nantong Bright-Ranch Foodstuffs Co. Ltd.,https://www.ingredientsnetwork.com/nantong-bright-ranch-foodstuffs-co-ltd-comp268015.html
"Nantong Changhai Food Additive Co., Ltd.",https://www.ingredientsnetwork.com/nantong-changhai-food-additive-co-ltd-comp250054.html
"Nantong Changhai Food Additive Co.,Ltd.",https://www.ingredientsnetwork.com/nantong-changhai-food-additive-co-ltd-comp303344.html
NANTONG CHANGJIANG FOOD INGREDIENT LTD,https://www.ingredientsnetwork.com/nantong-changjiang-food-ingredient-ltd-comp251341.html
"Nantong Chem-Base Co., Ltd.",https://www.ingredientsnetwork.com/nantong-chem-base-co-ltd-comp319615.html
"NANTONG ZILANG BIOPHARMA TECH CO., LTD",https://www.ingredientsnetwork.com/nantong-zilang-biopharma-tech-co-ltd-comp278227.html
Naplasol,https://www.ingredientsnetwork.com/naplasol-comp316032.html
NASHMIR CAPSULE SDN BHD,https://www.ingredientsnetwork.com/nashmir-capsule-sdn-bhd-comp475403.html
Natac Biotech S.L.U.,https://www.ingredientsnetwork.com/natac-biotech-s-l-u-comp307526.html
Natac Pte.Ltd.,https://www.ingredientsnetwork.com/natac-pte-ltd-comp319841.html
NATING ITALIA,https://www.ingredientsnetwork.com/nating-italia-comp271143.html
NATINOV,https://www.ingredientsnetwork.com/natinov-comp307527.html
National Marine Biodiversity Institute of Korea (MABIK),https://www.ingredientsnetwork.com/national-marine-biodiversity-institute-of-korea-comp481153.html
National Science and Technology Development Agency,https://www.ingredientsnetwork.com/national-science-and-technology-development-agency-comp282424.html
National Turmeric Board,https://www.ingredientsnetwork.com/national-turmeric-board-comp475816.html
Natix sa,https://www.ingredientsnetwork.com/natix-sa-comp315546.html
Nat'Kaps Laboratoires,https://www.ingredientsnetwork.com/nat-kaps-laboratoires-comp327383.html
NATRA,https://www.ingredientsnetwork.com/natra-comp326197.html
Natumin Pharma,https://www.ingredientsnetwork.com/natumin-pharma-comp477928.html
"Natura Indoland, PT",https://www.ingredientsnetwork.com/natura-indoland-pt-comp477288.html
"Natura Perisa Aroma,PT",https://www.ingredientsnetwork.com/natura-perisa-aroma-pt-comp323281.html
NATURACARE,https://www.ingredientsnetwork.com/naturacare-comp475439.html
Natural - Supplements Production,https://www.ingredientsnetwork.com/natural-supplements-production-comp325085.html
Natural Chaga,https://www.ingredientsnetwork.com/natural-chaga-comp312445.html
"Natural Field Co.,Ltd.",https://www.ingredientsnetwork.com/natural-field-co-ltd-comp321471.html
Natural Herbs and Formulations,https://www.ingredientsnetwork.com/natural-herbs-and-formulations-comp477327.html
Natural Origins,https://www.ingredientsnetwork.com/natural-origins-comp327187.html
Natural Remedies,https://www.ingredientsnetwork.com/natural-remedies-comp272805.html
Natural Spices B.V.,https://www.ingredientsnetwork.com/natural-spices-b-v-comp482103.html
Natural Sweeteners LLC,https://www.ingredientsnetwork.com/natural-sweeteners-llc-comp325409.html
Natural Trace,https://www.ingredientsnetwork.com/natural-trace-comp321974.html
"Naturalin Bio-Resources Co.,Ltd",https://www.ingredientsnetwork.com/naturalin-bio-resources-co-ltd-comp250758.html
NATURALWAY,https://www.ingredientsnetwork.com/naturalway-comp313297.html
"Nature Biotec Co.,Ltd.",https://www.ingredientsnetwork.com/nature-biotec-co-ltd-comp477986.html
Nature Elite,https://www.ingredientsnetwork.com/nature-elite-comp482104.html
Naturell AB,https://www.ingredientsnetwork.com/naturell-ab-comp478532.html
Naturello Spa,https://www.ingredientsnetwork.com/naturello-spa-comp267989.html
"Natureloud Co., LTD.",https://www.ingredientsnetwork.com/natureloud-co-ltd-comp480491.html
Nature's Answer,https://www.ingredientsnetwork.com/nature-s-answer-comp326503.html
Nature's Care Manufacture Pty. Ltd.,https://www.ingredientsnetwork.com/nature-s-care-manufacture-pty-ltd-comp478017.html
Nature's Sunshine,https://www.ingredientsnetwork.com/nature-s-sunshine-comp481507.html
NaturesPlus,https://www.ingredientsnetwork.com/naturesplus-comp475883.html
NATURETECH CO LTD,https://www.ingredientsnetwork.com/naturetech-co-ltd-comp280194.html
Naturmed Scientific GmbH,https://www.ingredientsnetwork.com/naturmed-scientific-gmbh-comp308397.html
Naturmega,https://www.ingredientsnetwork.com/naturmega-comp314839.html
Naturoil Gida ve Kimya San.Tic.Ltd.Sti.,https://www.ingredientsnetwork.com/naturoil-gida-ve-kimya-san-tic-ltd-sti-comp326397.html
Naturovos,https://www.ingredientsnetwork.com/naturovos-comp477068.html
Naveh Pharma,https://www.ingredientsnetwork.com/naveh-pharma-comp326630.html
Naveh Pharma Ltd.,https://www.ingredientsnetwork.com/naveh-pharma-ltd-comp307531.html
naVitalo GmbH,https://www.ingredientsnetwork.com/navitalo-gmbh-comp312383.html
Nactarome,https://www.ingredientsnetwork.com/nactarome-comp326196.html
Nactis Flavours,https://www.ingredientsnetwork.com/nactis-flavours-comp249124.html
NAGASE (EUROPA) GmbH,https://www.ingredientsnetwork.com/nagase-europa-gmbh-comp249117.html
Nagase Food Ingredients,https://www.ingredientsnetwork.com/nagase-food-ingredients-comp250518.html
"Nagase Vietnam Co., Ltd.",https://www.ingredientsnetwork.com/nagase-vietnam-co-ltd-comp271895.html
Nähr Engel GmbH,https://www.ingredientsnetwork.com/nahr-engel-gmbh-comp268024.html
"NAKANIHON CAPSULE CO., LTD.",https://www.ingredientsnetwork.com/nakanihon-capsule-co-ltd-comp326938.html
Nakheel Alya Dates Factory,https://www.ingredientsnetwork.com/nakheel-alya-dates-factory-comp306515.html
Nakoda Dairy Pvt Ltd,https://www.ingredientsnetwork.com/nakoda-dairy-pvt-ltd-comp269086.html
Naledo Belize Ltd,https://www.ingredientsnetwork.com/naledo-belize-ltd-comp327186.html
"Nam An Investment and International Trading Co., Ltd",https://www.ingredientsnetwork.com/nam-an-investment-and-international-trading-co-ltd-comp289339.html
Nam Phuong V.N.,https://www.ingredientsnetwork.com/nam-phuong-v-n-comp271560.html
"Naman Investment and International Trading Co., Ltd.",https://www.ingredientsnetwork.com/naman-investment-and-international-trading-co-ltd-comp271284.html
NAMED S.P.A,https://www.ingredientsnetwork.com/named-s-p-a-comp263201.html
Namosri Ventures Pvt. Ltd.,https://www.ingredientsnetwork.com/namosri-ventures-pvt-ltd-comp269087.html
NAMUSUM CO LTD,https://www.ingredientsnetwork.com/namusum-co-ltd-comp479491.html
NANACHART TRADERS CONSOLIDATION LTD.,https://www.ingredientsnetwork.com/nanachart-traders-consolidation-ltd-comp296497.html
"Nanasiam Intertrade Co.,Ltd.",https://www.ingredientsnetwork.com/nanasiam-intertrade-co-ltd-comp282971.html
"NANCHANG DUOMEI BIO-TECH CO.,LTD",https://www.ingredientsnetwork.com/nanchang-duomei-bio-tech-co-ltd-comp249467.html
Nanchang Longji Chemical Science and Technology Co Ltd,https://www.ingredientsnetwork.com/nanchang-longji-chemical-science-and-technology-comp269336.html
"Nanchang Tellcan Food Science&Technology Co., Ltd.",https://www.ingredientsnetwork.com/nanchang-tellcan-food-science-technology-co-ltd-comp268584.html
"Nanchang Xinduomei Bio-Tech Co.,Ltd",https://www.ingredientsnetwork.com/nanchang-xinduomei-bio-tech-co-ltd-comp316512.html
"Nanchang Xinduomei Bio-Tech Co.,Ltd",https://www.ingredientsnetwork.com/nanchang-xinduomei-bio-tech-co-ltd-comp316522.html
Nani Agro Foods (P) Ltd,https://www.ingredientsnetwork.com/nani-agro-foods-p-ltd-comp251271.html
"Nanjing Bestzyme Bio-Engineering Co., Ltd.",https://www.ingredientsnetwork.com/nanjing-bestzyme-bio-engineering-co-ltd-comp319469.html
Nanjing Chemical Material,https://www.ingredientsnetwork.com/nanjing-chemical-material-comp282137.html
"Nanjing Gaojie Light Industrial Equipment Co., Ltd.",https://www.ingredientsnetwork.com/nanjing-gaojie-light-industrial-equipment-co-ltd-comp282704.html
"Nanjing Jinshan Chemical Technology Co., Ltd.",https://www.ingredientsnetwork.com/nanjing-jinshan-chemical-technology-co-ltd-comp314035.html
"Nanjing Kang Med Tech Co., Ltd.",https://www.ingredientsnetwork.com/nanjing-kang-med-tech-co-ltd-comp314838.html
"Nanjing Senhai Biological Oils & Fats Co., Ltd",https://www.ingredientsnetwork.com/nanjing-senhai-biological-oils-fats-co-ltd-comp326363.html
"Nanjing Sinolife United Co.,Ltd",https://www.ingredientsnetwork.com/nanjing-sinolife-united-co-ltd-comp271818.html
"Nanjing Xiangsiniao Information Technology Co., Ltd.",https://www.ingredientsnetwork.com/nanjing-xiangsiniao-information-technology-co-ltd-comp480490.html
"Nanjing Yida Biotechnology Co., Ltd.",https://www.ingredientsnetwork.com/nanjing-yida-biotechnology-co-ltd-comp316370.html
NANJING YIRE ZONGLIAN ENERGY SAVING TECHNOLOGY CO.LTD,https://www.ingredientsnetwork.com/nanjing-yire-zonglian-energy-saving-technology-co-comp296034.html
"Nanning Doing-higher Bio-tech Co., Ltd.",https://www.ingredientsnetwork.com/nanning-doing-higher-bio-tech-co-ltd-comp296171.html
Nanovex,https://www.ingredientsnetwork.com/nanovex-comp328251.html
Nanping Yuanli Active Carbon Company,https://www.ingredientsnetwork.com/nanping-yuanli-active-carbon-company-comp251136.html
Nanping Yuanli Active Carbon Company,https://www.ingredientsnetwork.com/nanping-yuanli-active-carbon-company-comp325872.html
Nans Products,https://www.ingredientsnetwork.com/nans-products-comp306947.html
"Nanthong Alchemy Biotech Development Co., Ltd.",https://www.ingredientsnetwork.com/nanthong-alchemy-biotech-development-co-ltd-comp291475.html
"NANTONG FEIYU FOOD TECHNOLOGY CO., LTD",https://www.ingredientsnetwork.com/nantong-feiyu-food-technology-co-ltd-comp296044.html
NANTONG FOREIGN TRADE MEDICINES AND HEALTH PRODUCT,https://www.ingredientsnetwork.com/nantong-foreign-trade-medicines-and-health-product-comp249711.html
"NANTONG FUER BIOLOGICAL PRODUCTS CO.,LTD.",https://www.ingredientsnetwork.com/nantong-fuer-biological-products-co-ltd-comp296015.html
"Nantong QZU Bioscience & Biotechnology Co., Ltd",https://www.ingredientsnetwork.com/nantong-qzu-bioscience-biotechnology-co-ltd-comp282508.html
Nanulabs Cia Ltda,https://www.ingredientsnetwork.com/nanulabs-cia-ltda-comp317242.html
Napasol AG,https://www.ingredientsnetwork.com/napasol-ag-comp249131.html
Narayan d.o.o.,https://www.ingredientsnetwork.com/narayan-d-o-o-comp312788.html
"Nardevchem Kemindo Indonesia, PT",https://www.ingredientsnetwork.com/nardevchem-kemindo-indonesia-pt-comp289727.html
Natcon Biolife Sciences Pvt Ltd,https://www.ingredientsnetwork.com/natcon-biolife-sciences-pvt-ltd-comp302172.html
NATECO2 - Your Experts in scCO2-Extraction,https://www.ingredientsnetwork.com/nateco2-your-experts-in-scco2-extraction-comp249118.html
NatExplore,https://www.ingredientsnetwork.com/natexplore-comp327592.html
Nati Coffee and Spices PLC / NCS,https://www.ingredientsnetwork.com/nati-coffee-and-spices-plc-ncs-comp316665.html
National Association of State Departments of Agriculture,https://www.ingredientsnetwork.com/national-association-of-state-departments-of-comp475835.html
National Innovation Agency (Public Organization),https://www.ingredientsnetwork.com/national-innovation-agency-public-organization-comp328394.html
NATIONAL NANOTECHNOLOGY CENTER,https://www.ingredientsnetwork.com/national-nanotechnology-center-comp315883.html
NATIPROL LIANYUNGANG CORPORATION,https://www.ingredientsnetwork.com/natiprol-lianyungang-corporation-comp249468.html
Nativa (Pty) Ltd,https://www.ingredientsnetwork.com/nativa-pty-ltd-comp328252.html
NATIVE PRODUCT EXPORTS PVT LTD,https://www.ingredientsnetwork.com/native-product-exports-pvt-ltd-comp477224.html
"Natoli Engineering Company, Inc.",https://www.ingredientsnetwork.com/natoli-engineering-company-inc-comp309278.html
Natra Midco,https://www.ingredientsnetwork.com/natra-midco-comp249119.html
Natur Svit,https://www.ingredientsnetwork.com/natur-svit-comp317300.html
Natura Ayur Science Pvt Ltd,https://www.ingredientsnetwork.com/natura-ayur-science-pvt-ltd-comp323595.html
Natura Biotechnol Pvt Ltd,https://www.ingredientsnetwork.com/natura-biotechnol-pvt-ltd-comp276822.html
Natura Extracta,https://www.ingredientsnetwork.com/natura-extracta-comp316666.html
"Natura Food Additives, a.s.",https://www.ingredientsnetwork.com/natura-food-additives-a-s-comp323609.html
Natura House Spa,https://www.ingredientsnetwork.com/natura-house-spa-comp320061.html
NATURA-TEC,https://www.ingredientsnetwork.com/natura-tec-comp307528.html
NATURACARE,https://www.ingredientsnetwork.com/naturacare-comp315035.html
Naturagen Ilac Kozmetik Gida San. Ve Tic,https://www.ingredientsnetwork.com/naturagen-ilac-kozmetik-gida-san-ve-tic-comp309741.html
NATURAL / BARENTZ,https://www.ingredientsnetwork.com/natural-barentz-comp286768.html
Natural Agro Foods,https://www.ingredientsnetwork.com/natural-agro-foods-comp270572.html
Natural Aroma Products Pvt Ltd,https://www.ingredientsnetwork.com/natural-aroma-products-pvt-ltd-comp305930.html
"Natural Biological Group Co.,LTD",https://www.ingredientsnetwork.com/natural-biological-group-co-ltd-comp296112.html
Natural Dehydrated Vegetables P Ltd.,https://www.ingredientsnetwork.com/natural-dehydrated-vegetables-p-ltd-comp251654.html
Natural Health Product NZ,https://www.ingredientsnetwork.com/natural-health-product-nz-comp273169.html
Natural Immix Health Ltd.,https://www.ingredientsnetwork.com/natural-immix-health-ltd-comp326939.html
"Natural Indococonut Organik, PT",https://www.ingredientsnetwork.com/natural-indococonut-organik-pt-comp317664.html
Natural Ingredients,https://www.ingredientsnetwork.com/natural-ingredients-comp304865.html
Natural Life Nutrition,https://www.ingredientsnetwork.com/natural-life-nutrition-comp289862.html
Natural Poland Sp. z o.o.,https://www.ingredientsnetwork.com/natural-poland-sp-z-o-o-comp309379.html
Natural Products & Technologies,https://www.ingredientsnetwork.com/natural-products-technologies-comp250377.html
Natural Way Laboratories,https://www.ingredientsnetwork.com/natural-way-laboratories-comp317503.html
Naturalia Ingredients Srl,https://www.ingredientsnetwork.com/naturalia-ingredients-srl-comp249133.html
Naturamole,https://www.ingredientsnetwork.com/naturamole-comp303345.html
Naturaviva Srl,https://www.ingredientsnetwork.com/naturaviva-srl-comp267953.html
NaturaYuva AG,https://www.ingredientsnetwork.com/naturayuva-ag-comp308231.html
"Nature Agro Product Co., Ltd.",https://www.ingredientsnetwork.com/nature-agro-product-co-ltd-comp289728.html
Nature Bio-Foods Ltd.,https://www.ingredientsnetwork.com/nature-bio-foods-ltd-comp289666.html
NATURE GIFT VITAMIN LLC,https://www.ingredientsnetwork.com/nature-gift-vitamin-llc-comp316362.html
NATUREL WEST CORP EU B.V,https://www.ingredientsnetwork.com/naturel-west-corp-eu-b-v-comp308137.html
"Natures Best Foods Co.,LTD",https://www.ingredientsnetwork.com/natures-best-foods-co-ltd-comp294172.html
Nature's Ingredients GmbH,https://www.ingredientsnetwork.com/nature-s-ingredients-gmbh-comp265963.html
Naturesmith Foods LLP,https://www.ingredientsnetwork.com/naturesmith-foods-llp-comp282752.html
Naturextrakte Bioscience Pvt Ltd,https://www.ingredientsnetwork.com/naturextrakte-bioscience-pvt-ltd-comp475160.html
"Naturinga - Sociedade De Comercialização De Produtos Da Natureza, Ida",https://www.ingredientsnetwork.com/naturinga-sociedade-de-comercializacao-de-comp251273.html
Naturis SpA,https://www.ingredientsnetwork.com/naturis-spa-comp251274.html
Naturkost Übelhör GMBH und Co. KG,https://www.ingredientsnetwork.com/naturkost-ubelhor-gmbh-und-co-kg-comp249678.html
NATURZ GROUP SDN. BHD.,https://www.ingredientsnetwork.com/naturz-group-sdn-bhd-comp316357.html
Navaco Global,https://www.ingredientsnetwork.com/navaco-global-comp476896.html
Navami Industries Pvt. Ltd.,https://www.ingredientsnetwork.com/navami-industries-pvt-ltd-comp315508.html
Navara Oat Milling Ltd,https://www.ingredientsnetwork.com/navara-oat-milling-ltd-comp315837.html
Navarro Pecan Company,https://www.ingredientsnetwork.com/navarro-pecan-company-comp249134.html
"Navector (Shanghai)Screening Technology Co.,Ltd",https://www.ingredientsnetwork.com/navector-shanghaiscreening-technology-co-ltd-comp281641.html
Navi Nutrition,https://www.ingredientsnetwork.com/navi-nutrition-comp272806.html
Navjyoti Gum & Chemicals,https://www.ingredientsnetwork.com/navjyoti-gum-chemicals-comp323596.html
Oasis Nutri,https://www.ingredientsnetwork.com/oasis-nutri-comp324258.html
Oasis Bevergaes Pvt Ltd,https://www.ingredientsnetwork.com/oasis-bevergaes-pvt-ltd-comp271884.html
Pacific Basin Partnership Inc,https://www.ingredientsnetwork.com/pacific-basin-partnership-inc-comp316668.html
Packiro GmbH,https://www.ingredientsnetwork.com/packiro-gmbh-comp324274.html
Packom International Doo,https://www.ingredientsnetwork.com/packom-international-doo-comp309742.html
Packstyle srl,https://www.ingredientsnetwork.com/packstyle-srl-comp309743.html
Padovana Macinazione Srl,https://www.ingredientsnetwork.com/padovana-macinazione-srl-comp480581.html
Pagysa Pamuk Gida Yerli Urunleri Tic. ve San. A.S,https://www.ingredientsnetwork.com/pagysa-pamuk-gida-yerli-urunleri-tic-ve-san-a-s-comp304728.html
Palladio Consulting Srl,https://www.ingredientsnetwork.com/palladio-consulting-srl-comp319175.html
"Pallas Biotech Co., Ltd.",https://www.ingredientsnetwork.com/pallas-biotech-co-ltd-comp319460.html
Panacea Phytoextracts Pvt Ltd,https://www.ingredientsnetwork.com/panacea-phytoextracts-pvt-ltd-comp290612.html
PANDURASA KHARISMA PT,https://www.ingredientsnetwork.com/pandurasa-kharisma-pt-comp481934.html
PANEMEX,https://www.ingredientsnetwork.com/panemex-comp291403.html
"PANGAN MAHKOTA EMAS,PT",https://www.ingredientsnetwork.com/pangan-mahkota-emas-pt-comp477292.html
"Panjin Fengrui bio-technology Co., LTD.",https://www.ingredientsnetwork.com/panjin-fengrui-bio-technology-co-ltd-comp324275.html
"Panjin Huacheng Pharmaceutical Co., Ltd.",https://www.ingredientsnetwork.com/panjin-huacheng-pharmaceutical-co-ltd-comp312916.html
"Panjin Tianyuan Pharmaceutical Co.,Ltd.",https://www.ingredientsnetwork.com/panjin-tianyuan-pharmaceutical-co-ltd-comp312440.html
Panjin Tianyuan Pharmaceuticals Co. Ltd.,https://www.ingredientsnetwork.com/panjin-tianyuan-pharmaceuticals-co-ltd-comp477760.html
Panzani,https://www.ingredientsnetwork.com/panzani-comp475613.html
PapChem Lifesciences Pvt Ltd,https://www.ingredientsnetwork.com/papchem-lifesciences-pvt-ltd-comp481966.html
Papela Packaging,https://www.ingredientsnetwork.com/papela-packaging-comp478766.html
Paprimur s.l,https://www.ingredientsnetwork.com/paprimur-s-l-comp251300.html
Paradice,https://www.ingredientsnetwork.com/paradice-comp481831.html
Paradiesfrucht GmbH,https://www.ingredientsnetwork.com/paradiesfrucht-gmbh-comp270553.html
Paradise Fruits by Jahncke,https://www.ingredientsnetwork.com/paradise-fruits-by-jahncke-comp251301.html
Paradise Fruits Solutions GmbH & Co.KG,https://www.ingredientsnetwork.com/paradise-fruits-solutions-gmbh-co-kg-comp328255.html
Paragon Laboratories,https://www.ingredientsnetwork.com/paragon-laboratories-comp481649.html
Parda Food LLP,https://www.ingredientsnetwork.com/parda-food-llp-comp314544.html
PARDES QUICK FOODS AND DEHYDRATION PVT LTD,https://www.ingredientsnetwork.com/pardes-quick-foods-and-dehydration-pvt-ltd-comp481669.html
Parisons Agrotech Pvt Ltd,https://www.ingredientsnetwork.com/parisons-agrotech-pvt-ltd-comp479504.html
Parkacare,https://www.ingredientsnetwork.com/parkacare-comp479658.html
Parkacre,https://www.ingredientsnetwork.com/parkacre-comp324276.html
Parmovo S.R.L,https://www.ingredientsnetwork.com/parmovo-s-r-l-comp249171.html
Parth Foods,https://www.ingredientsnetwork.com/parth-foods-comp284365.html
Passion,https://www.ingredientsnetwork.com/passion-comp477054.html
Patel Chem Specialities Limited,https://www.ingredientsnetwork.com/patel-chem-specialities-limited-comp482107.html
Patel Chem Specialities P Ltd,https://www.ingredientsnetwork.com/patel-chem-specialities-p-ltd-comp284605.html
PATGROUP,https://www.ingredientsnetwork.com/patgroup-comp324277.html
Pattern,https://www.ingredientsnetwork.com/pattern-comp480609.html
PAULA Ingredients Sp. z o.o.,https://www.ingredientsnetwork.com/paula-ingredients-sp-z-o-o-comp268456.html
PACIFIC TRADE INVEST,https://www.ingredientsnetwork.com/pacific-trade-invest-comp302655.html
Pacific Valley Foods,https://www.ingredientsnetwork.com/pacific-valley-foods-comp256417.html
Pacifico Biolabs,https://www.ingredientsnetwork.com/pacifico-biolabs-comp324183.html
Packaging and food,https://www.ingredientsnetwork.com/packaging-and-food-comp282883.html
Packtin,https://www.ingredientsnetwork.com/packtin-comp309805.html
"Pafa Mandiri Sakti, PT",https://www.ingredientsnetwork.com/pafa-mandiri-sakti-pt-comp254983.html
PAGT Limited,https://www.ingredientsnetwork.com/pagt-limited-comp285527.html
Pak Ihracat A.S.,https://www.ingredientsnetwork.com/pak-ihracat-a-s-comp268026.html
Pak Shilajit,https://www.ingredientsnetwork.com/pak-shilajit-comp476714.html
PALLMANN Maschinenfabrik GmbH & Co KG,https://www.ingredientsnetwork.com/pallmann-maschinenfabrik-gmbh-co-kg-comp279273.html
Palm Bites Alya Foods,https://www.ingredientsnetwork.com/palm-bites-alya-foods-comp477548.html
Palsgaard A/S,https://www.ingredientsnetwork.com/palsgaard-a-s-comp249168.html
Palsgaard Asia-Pacific Pte Ltd.,https://www.ingredientsnetwork.com/palsgaard-asia-pacific-pte-ltd-comp256183.html
Pan Media Matrix,https://www.ingredientsnetwork.com/pan-media-matrix-comp302980.html
Panakea d.o.o.,https://www.ingredientsnetwork.com/panakea-d-o-o-comp476316.html
"PanaSource Ingredients, Inc",https://www.ingredientsnetwork.com/panasource-ingredients-inc-comp276784.html
"Pancaran Wijaya Kemindo,PT",https://www.ingredientsnetwork.com/pancaran-wijaya-kemindo-pt-comp319491.html
Panchvati Export,https://www.ingredientsnetwork.com/panchvati-export-comp284427.html
"Panel Japan co.,Ltd",https://www.ingredientsnetwork.com/panel-japan-co-ltd-comp289861.html
PANEMEX,https://www.ingredientsnetwork.com/panemex-comp251298.html
"PANGDA CHENGYU HUAKANG FOOD CO.,LTD.",https://www.ingredientsnetwork.com/pangda-chengyu-huakang-food-co-ltd-comp285360.html
Paninkret Chem.-Pharm. Vertriebsges. mbH,https://www.ingredientsnetwork.com/paninkret-chem-pharm-vertriebsges-mbh-comp266953.html
"Panjin Liver-Health Biotechnology Cp., L",https://www.ingredientsnetwork.com/panjin-liver-health-biotechnology-cp-l-comp326203.html
Pannonia Bio zrt.,https://www.ingredientsnetwork.com/pannonia-bio-zrt-comp326204.html
PANORAMA GLOBAL PTE LTD,https://www.ingredientsnetwork.com/panorama-global-pte-ltd-comp324448.html
Panteley Toshev Ltd.,https://www.ingredientsnetwork.com/panteley-toshev-ltd-comp279274.html
PanTheryx Group Asia Pte. Ltd.,https://www.ingredientsnetwork.com/pantheryx-group-asia-pte-ltd-comp304862.html
Panvega AG,https://www.ingredientsnetwork.com/panvega-ag-comp285183.html
Paprika Oleos (India) Ltd,https://www.ingredientsnetwork.com/paprika-oleos-india-ltd-comp305124.html
Paprika Oleo's India Ltd,https://www.ingredientsnetwork.com/paprika-oleo-s-india-ltd-comp254969.html
Parabel USA Inc,https://www.ingredientsnetwork.com/parabel-usa-inc-comp250535.html
Paradise Flora,https://www.ingredientsnetwork.com/paradise-flora-comp302002.html
Paradise Fruits Freeze Dried,https://www.ingredientsnetwork.com/paradise-fruits-freeze-dried-comp324033.html
Parag Milk Foods Ltd.,https://www.ingredientsnetwork.com/parag-milk-foods-ltd-comp270589.html
Paragon Laboratories,https://www.ingredientsnetwork.com/paragon-laboratories-comp481650.html
Paras Nutritions Pvt Ltd,https://www.ingredientsnetwork.com/paras-nutritions-pvt-ltd-comp282333.html
Pari Chemicals,https://www.ingredientsnetwork.com/pari-chemicals-comp284500.html
PARRY NUTRACEUTICALS,https://www.ingredientsnetwork.com/parry-nutraceuticals-comp307549.html
Parshwanath Colour Chem,https://www.ingredientsnetwork.com/parshwanath-colour-chem-comp289731.html
Pasanka,https://www.ingredientsnetwork.com/pasanka-comp476763.html
Pasciolco Agri Ventures,https://www.ingredientsnetwork.com/pasciolco-agri-ventures-comp324184.html
Patanjali Foods Limited,https://www.ingredientsnetwork.com/patanjali-foods-limited-comp306030.html
Patiswiss AG,https://www.ingredientsnetwork.com/patiswiss-ag-comp306559.html
"PAULA Sp. z o. o. Sp. k., Crispy Natural Sp. z o.o. Sp.k.",https://www.ingredientsnetwork.com/paula-sp-z-o-o-sp-k-crispy-natural-sp-z-o-o-sp-k-comp249871.html
Paulino Solanellas SL,https://www.ingredientsnetwork.com/paulino-solanellas-sl-comp266011.html
QBID Pty.Ltd,https://www.ingredientsnetwork.com/qbid-pty-ltd-comp272649.html
Radiant Research,https://www.ingredientsnetwork.com/radiant-research-comp481967.html
Radicle Science,https://www.ingredientsnetwork.com/radicle-science-comp477900.html
Rafbrix Private Limited,https://www.ingredientsnetwork.com/rafbrix-private-limited-comp269089.html
Raffole,https://www.ingredientsnetwork.com/raffole-comp324536.html
Raghav Ingredients,https://www.ingredientsnetwork.com/raghav-ingredients-comp270151.html
Rainbow Expochem Company,https://www.ingredientsnetwork.com/rainbow-expochem-company-comp306259.html
Raisio Food Solutions,https://www.ingredientsnetwork.com/raisio-food-solutions-comp251333.html
Raivat Impex Pvt Ltd,https://www.ingredientsnetwork.com/raivat-impex-pvt-ltd-comp306747.html
Raksh Bio Science Pvt Ltd,https://www.ingredientsnetwork.com/raksh-bio-science-pvt-ltd-comp327584.html
Ram Ratan Kashi Ram,https://www.ingredientsnetwork.com/ram-ratan-kashi-ram-comp475785.html
"RAMA FOODS CO., LTD.",https://www.ingredientsnetwork.com/rama-foods-co-ltd-comp296500.html
RAMA GUM INDUSTRIES (INDIA) LTD.,https://www.ingredientsnetwork.com/rama-gum-industries-india-ltd-comp270098.html
Ramon Sabater S.A.,https://www.ingredientsnetwork.com/ramon-sabater-s-a-comp251335.html
RAPS GmbH & Co.KG,https://www.ingredientsnetwork.com/raps-gmbh-co-kg-comp318994.html
Ravazzi SpA,https://www.ingredientsnetwork.com/ravazzi-spa-comp327271.html
Rawbids,https://www.ingredientsnetwork.com/rawbids-comp319261.html
RAWGA INC,https://www.ingredientsnetwork.com/rawga-inc-comp318793.html
Rabeler Fruchtchips GmbH,https://www.ingredientsnetwork.com/rabeler-fruchtchips-gmbh-comp249203.html
Raheja Solar Food Processing Pvt Ltd,https://www.ingredientsnetwork.com/raheja-solar-food-processing-pvt-ltd-comp323895.html
RAIN Nutrience Ltd,https://www.ingredientsnetwork.com/rain-nutrience-ltd-comp312850.html
Raízes do Campo,https://www.ingredientsnetwork.com/raizes-do-campo-comp324364.html
Raj Foods International,https://www.ingredientsnetwork.com/raj-foods-international-comp277202.html
RAJ GUMS,https://www.ingredientsnetwork.com/raj-gums-comp283630.html
Raja Fat and Feeds Private Limited,https://www.ingredientsnetwork.com/raja-fat-and-feeds-private-limited-comp316182.html
Rajguru Dehydrates,https://www.ingredientsnetwork.com/rajguru-dehydrates-comp284213.html
Ram Foods,https://www.ingredientsnetwork.com/ram-foods-comp306594.html
"Rama Production Co., Ltd.",https://www.ingredientsnetwork.com/rama-production-co-ltd-comp249958.html
Ramagums Pvt Ltd,https://www.ingredientsnetwork.com/ramagums-pvt-ltd-comp304737.html
Randeniya International Private Limited,https://www.ingredientsnetwork.com/randeniya-international-private-limited-comp284750.html
Ransom Naturals Limited,https://www.ingredientsnetwork.com/ransom-naturals-limited-comp307575.html
Ranson group,https://www.ingredientsnetwork.com/ranson-group-comp280431.html
Rasagra Gida Dis Ticaret Limited Sirketi,https://www.ingredientsnetwork.com/rasagra-gida-dis-ticaret-limited-sirketi-comp296798.html
RAVICO NV/SA,https://www.ingredientsnetwork.com/ravico-nv-sa-comp284804.html
Rawji Fine Fragrances Pvt Ltd,https://www.ingredientsnetwork.com/rawji-fine-fragrances-pvt-ltd-comp321847.html
SA METAROM FRANCE,https://www.ingredientsnetwork.com/sa-metarom-france-comp248805.html
Saanroo/Pharmako,https://www.ingredientsnetwork.com/saanroo-pharmako-comp482122.html
"Sabinsa Corporation, USA.",https://www.ingredientsnetwork.com/sabinsa-corporation-usa-comp477978.html
Sabinsa Europe GmbH,https://www.ingredientsnetwork.com/sabinsa-europe-gmbh-comp249672.html
SACCO SYSTEM,https://www.ingredientsnetwork.com/sacco-system-comp251079.html
Sacco System Australia,https://www.ingredientsnetwork.com/sacco-system-australia-comp477990.html
Sacesa Selección,https://www.ingredientsnetwork.com/sacesa-seleccion-comp481835.html
Sachsenmilch Leppersdorf GmbH,https://www.ingredientsnetwork.com/sachsenmilch-leppersdorf-gmbh-comp249218.html
SACMAR,https://www.ingredientsnetwork.com/sacmar-comp291267.html
Sadina 99,https://www.ingredientsnetwork.com/sadina-99-comp481580.html
SAES Chemicals,https://www.ingredientsnetwork.com/saes-chemicals-comp477076.html
SAFIC ALCAN,https://www.ingredientsnetwork.com/safic-alcan-comp307580.html
Sahyadri Farms Post Harvest Care Limited,https://www.ingredientsnetwork.com/sahyadri-farms-post-harvest-care-limited-comp312908.html
Saimach Pharmatech Pvt. Ltd.,https://www.ingredientsnetwork.com/saimach-pharmatech-pvt-ltd-comp476367.html
SajoCPK Ltd.,https://www.ingredientsnetwork.com/sajocpk-ltd-comp477641.html
Sakai Laboratorios,https://www.ingredientsnetwork.com/sakai-laboratorios-comp314870.html
Sakti Naturals Pvt. Ltd.,https://www.ingredientsnetwork.com/sakti-naturals-pvt-ltd-comp326169.html
SALENGEI SL,https://www.ingredientsnetwork.com/salengei-sl-comp319256.html
SALIX S.R.L.,https://www.ingredientsnetwork.com/salix-s-r-l-comp307581.html
Salnova Nutritec B.V.,https://www.ingredientsnetwork.com/salnova-nutritec-b-v-comp312635.html
SALPA e CHERUBINI SRL,https://www.ingredientsnetwork.com/salpa-e-cherubini-srl-comp263280.html
SALT Minerals,https://www.ingredientsnetwork.com/salt-minerals-comp323614.html
Saltwell,https://www.ingredientsnetwork.com/saltwell-comp478834.html
SALUD BOX S.L.,https://www.ingredientsnetwork.com/salud-box-s-l-comp326252.html
Salutivia,https://www.ingredientsnetwork.com/salutivia-comp481581.html
Salvi Chemical Industries Ltd.,https://www.ingredientsnetwork.com/salvi-chemical-industries-ltd-comp327192.html
Samarika Pharma Solutions LLP,https://www.ingredientsnetwork.com/samarika-pharma-solutions-llp-comp324375.html
Samarra Foods,https://www.ingredientsnetwork.com/samarra-foods-comp481557.html
Samarth Biorigins LLP,https://www.ingredientsnetwork.com/samarth-biorigins-llp-comp319851.html
SAMECA,https://www.ingredientsnetwork.com/sameca-comp482123.html
Sami-Sabinsa Group Limited,https://www.ingredientsnetwork.com/sami-sabinsa-group-limited-comp323946.html
Samriddh Nutractive Pvt Ltd,https://www.ingredientsnetwork.com/samriddh-nutractive-pvt-ltd-comp323200.html
SANA RICA FOODS,https://www.ingredientsnetwork.com/sana-rica-foods-comp323896.html
Sanaplus Kft.,https://www.ingredientsnetwork.com/sanaplus-kft-comp307582.html
Sancolor SA,https://www.ingredientsnetwork.com/sancolor-sa-comp279291.html
"SANGUAN WONGSE STARCH Co., Ltd.",https://www.ingredientsnetwork.com/sanguan-wongse-starch-co-ltd-comp266946.html
Sanitas Capsules,https://www.ingredientsnetwork.com/sanitas-capsules-comp325093.html
Sanitech Engineers Pvt Ltd,https://www.ingredientsnetwork.com/sanitech-engineers-pvt-ltd-comp323031.html
Sanjivni Ayu Care,https://www.ingredientsnetwork.com/sanjivni-ayu-care-comp481692.html
Sanmark Corp.,https://www.ingredientsnetwork.com/sanmark-corp-comp312497.html
Sanner Group,https://www.ingredientsnetwork.com/sanner-group-comp477765.html
Sanotact GmbH,https://www.ingredientsnetwork.com/sanotact-gmbh-comp307583.html
Santis,https://www.ingredientsnetwork.com/santis-comp251351.html
"Santos Premium Krimer,PT",https://www.ingredientsnetwork.com/santos-premium-krimer-pt-comp254986.html
SANTOSFLORA,https://www.ingredientsnetwork.com/santosflora-comp478014.html
"SANYUAN LIHUA BIO-TECH CO.,LTD.",https://www.ingredientsnetwork.com/sanyuan-lihua-bio-tech-co-ltd-comp481156.html
Sanzyme Biologics,https://www.ingredientsnetwork.com/sanzyme-biologics-comp305042.html
SARDA BIO POLYMERS,https://www.ingredientsnetwork.com/sarda-bio-polymers-comp270075.html
Sarda Gums & Chemicals,https://www.ingredientsnetwork.com/sarda-gums-chemicals-comp251353.html
Sarika Ventures Private Limited,https://www.ingredientsnetwork.com/sarika-ventures-private-limited-comp475163.html
Sarl 3e,https://www.ingredientsnetwork.com/sarl-3e-comp328298.html
SAS DIANA,https://www.ingredientsnetwork.com/sas-diana-comp478683.html
SAS DNA Distribution,https://www.ingredientsnetwork.com/sas-dna-distribution-comp477766.html
SAS EUROVANILLE,https://www.ingredientsnetwork.com/sas-eurovanille-comp249914.html
SAS PHARMANAGER GROUP,https://www.ingredientsnetwork.com/sas-pharmanager-group-comp307556.html
Saskatchewan Trade & Export Partnership,https://www.ingredientsnetwork.com/saskatchewan-trade-export-partnership-comp269932.html
"SASL & SONS INDONESIA, PT",https://www.ingredientsnetwork.com/sasl-sons-indonesia-pt-comp481101.html
Satguru Gum Industries,https://www.ingredientsnetwork.com/satguru-gum-industries-comp319495.html
SATNAM PSYLLIUM INDUSTRIES,https://www.ingredientsnetwork.com/satnam-psyllium-industries-comp323287.html
Sattva Botanicals,https://www.ingredientsnetwork.com/sattva-botanicals-comp481297.html
"Satya Anugerah Nutritama,PT",https://www.ingredientsnetwork.com/satya-anugerah-nutritama-pt-comp479856.html
Savencia Ingredients & Nutritional Solutions,https://www.ingredientsnetwork.com/savencia-ingredients-nutritional-solutions-comp272812.html
Sayaji Industries Limited,https://www.ingredientsnetwork.com/sayaji-industries-limited-comp269094.html
SA ALGAIA,https://www.ingredientsnetwork.com/sa-algaia-comp267976.html
SA Belourthe,https://www.ingredientsnetwork.com/sa-belourthe-comp249626.html
SA BONILAIT PROTEINES,https://www.ingredientsnetwork.com/sa-bonilait-proteines-comp315811.html
SA CASTLE INGREDIENTS,https://www.ingredientsnetwork.com/sa-castle-ingredients-comp314059.html
SA ETABLISSEMENTS J. SOUFFLET,https://www.ingredientsnetwork.com/sa-etablissements-j-soufflet-comp291254.html
SA FERMENTED PRODUCT PARTNER,https://www.ingredientsnetwork.com/sa-fermented-product-partner-comp249646.html
SA TOURNAIRE,https://www.ingredientsnetwork.com/sa-tournaire-comp264185.html
Saanroo/Pharmako,https://www.ingredientsnetwork.com/saanroo-pharmako-comp482141.html
"SAB KLANG THONG INTERNATIONAL CO.,LTD",https://www.ingredientsnetwork.com/sab-klang-thong-international-co-ltd-comp268298.html
SABARA QUIMICOS E INGREDIENTES S/A,https://www.ingredientsnetwork.com/sabara-quimicos-e-ingredientes-s-a-comp271768.html
Sabarot,https://www.ingredientsnetwork.com/sabarot-comp267955.html
Sabater Spices,https://www.ingredientsnetwork.com/sabater-spices-comp316986.html
Sabinsa Corperation,https://www.ingredientsnetwork.com/sabinsa-corperation-comp296197.html
Sabinsa Corporation,https://www.ingredientsnetwork.com/sabinsa-corporation-comp314867.html
"Sabklangthong International Co.,Ltd.",https://www.ingredientsnetwork.com/sabklangthong-international-co-ltd-comp283651.html
Sacco System Australia,https://www.ingredientsnetwork.com/sacco-system-australia-comp314785.html
Sacha Inchi Marketing Sdn Bhd,https://www.ingredientsnetwork.com/sacha-inchi-marketing-sdn-bhd-comp314868.html
Sacheerome Pvt. Ltd.,https://www.ingredientsnetwork.com/sacheerome-pvt-ltd-comp281301.html
Sadef Gida San ve Tic As.,https://www.ingredientsnetwork.com/sadef-gida-san-ve-tic-as-comp323286.html
SAFCOL COLORS,https://www.ingredientsnetwork.com/safcol-colors-comp273242.html
Safe Import BV,https://www.ingredientsnetwork.com/safe-import-bv-comp276897.html
SAFESTERIL,https://www.ingredientsnetwork.com/safesteril-comp251344.html
Saffron Media Private Limited,https://www.ingredientsnetwork.com/saffron-media-private-limited-comp270650.html
Saffron Media Pvt. Ltd.,https://www.ingredientsnetwork.com/saffron-media-pvt-ltd-comp263731.html
Sainhall Nutrihealth Pte Ltd,https://www.ingredientsnetwork.com/sainhall-nutrihealth-pte-ltd-comp314869.html
SAIPOL & LESIEUR,https://www.ingredientsnetwork.com/saipol-lesieur-comp308091.html
Sakai Spice (Canada) Corp,https://www.ingredientsnetwork.com/sakai-spice-canada-corp-comp251346.html
Sakhi Shubham Industries,https://www.ingredientsnetwork.com/sakhi-shubham-industries-comp305150.html
Sakkara Essential Oils,https://www.ingredientsnetwork.com/sakkara-essential-oils-comp251347.html
"Saksit Co., Ltd.",https://www.ingredientsnetwork.com/saksit-co-ltd-comp281649.html
Sakura of Egypt Co,https://www.ingredientsnetwork.com/sakura-of-egypt-co-comp252074.html
Salasar Alloy & Steel Industries Pvt Ltd,https://www.ingredientsnetwork.com/salasar-alloy-steel-industries-pvt-ltd-comp314701.html
Salicylates & Chemicals (P) Ltd,https://www.ingredientsnetwork.com/salicylates-chemicals-p-ltd-comp306496.html
Salins,https://www.ingredientsnetwork.com/salins-comp314361.html
Salpa S.a.s.,https://www.ingredientsnetwork.com/salpa-s-a-s-comp281755.html
Saltinsalt Inc.,https://www.ingredientsnetwork.com/saltinsalt-inc-comp294171.html
SALTWELL AB,https://www.ingredientsnetwork.com/saltwell-ab-comp282911.html
Salud Foodgroup Europe BV,https://www.ingredientsnetwork.com/salud-foodgroup-europe-bv-comp286775.html
"Salus Bioceutical (Thailand) Co., Ltd.",https://www.ingredientsnetwork.com/salus-bioceutical-thailand-co-ltd-comp305371.html
Salzbruecke,https://www.ingredientsnetwork.com/salzbruecke-comp309167.html
Salzbruecke,https://www.ingredientsnetwork.com/salzbruecke-comp309168.html
Samanala Natural Foods (PVT) LTD,https://www.ingredientsnetwork.com/samanala-natural-foods-pvt-ltd-comp284754.html
SAMECA,https://www.ingredientsnetwork.com/sameca-comp482142.html
Samhwa Flavors & Fragrances,https://www.ingredientsnetwork.com/samhwa-flavors-fragrances-comp272331.html
Samjung Flavor,https://www.ingredientsnetwork.com/samjung-flavor-comp272332.html
Samly,https://www.ingredientsnetwork.com/samly-comp271101.html
Samyang Corporation,https://www.ingredientsnetwork.com/samyang-corporation-comp294169.html
"SANABIL HEALTHY FOODS CO., LTD.",https://www.ingredientsnetwork.com/sanabil-healthy-foods-co-ltd-comp282259.html
Sanat Products,https://www.ingredientsnetwork.com/sanat-products-comp309063.html
Sanat Products (A division of Dr Wilmar,https://www.ingredientsnetwork.com/sanat-products-a-division-of-dr-wilmar-comp307194.html
SANHER BIOGEN LABS PRIVATE LIMITED,https://www.ingredientsnetwork.com/sanher-biogen-labs-private-limited-comp475458.html
Sanhua Food Additive Factory,https://www.ingredientsnetwork.com/sanhua-food-additive-factory-comp281650.html
Sani Membranes A/S,https://www.ingredientsnetwork.com/sani-membranes-a-s-comp322399.html
Sanjay Chemicals,https://www.ingredientsnetwork.com/sanjay-chemicals-comp269093.html
sankalp recreation pvt ltd,https://www.ingredientsnetwork.com/sankalp-recreation-pvt-ltd-comp323876.html
Sanmik Group Limited,https://www.ingredientsnetwork.com/sanmik-group-limited-comp263889.html
Sanofi,https://www.ingredientsnetwork.com/sanofi-comp272642.html
Sanomed Gesundheits-und Sportnahrungsmit,https://www.ingredientsnetwork.com/sanomed-gesundheits-und-sportnahrungsmit-comp317516.html
Sanovo Egg Group,https://www.ingredientsnetwork.com/sanovo-egg-group-comp249920.html
SANTE GROUP,https://www.ingredientsnetwork.com/sante-group-comp308528.html
Sante sp. z o.o.,https://www.ingredientsnetwork.com/sante-sp-z-o-o-comp324209.html
Santo Santaniello Srl,https://www.ingredientsnetwork.com/santo-santaniello-srl-comp279292.html
Santram Food Export,https://www.ingredientsnetwork.com/santram-food-export-comp271565.html
Sappe Public Company Limited (HQ),https://www.ingredientsnetwork.com/sappe-public-company-limited-hq-comp314042.html
Saputo,https://www.ingredientsnetwork.com/saputo-comp309581.html
Saputo Inc.,https://www.ingredientsnetwork.com/saputo-inc-comp251352.html
Saraf Foods Pvt Ltd,https://www.ingredientsnetwork.com/saraf-foods-pvt-ltd-comp250654.html
Sarda Bio Polymers,https://www.ingredientsnetwork.com/sarda-bio-polymers-comp476021.html
SARDA UDYOG,https://www.ingredientsnetwork.com/sarda-udyog-comp284567.html
Sari Mas Permai,https://www.ingredientsnetwork.com/sari-mas-permai-comp314667.html
Sari Mas Permai,https://www.ingredientsnetwork.com/sari-mas-permai-comp322419.html
SARL Boublenza,https://www.ingredientsnetwork.com/sarl-boublenza-comp251354.html
SARL LESAFFRE INTERNATIONAL,https://www.ingredientsnetwork.com/sarl-lesaffre-international-comp249700.html
Saroj Agro Industries,https://www.ingredientsnetwork.com/saroj-agro-industries-comp322048.html
SAS ARCO,https://www.ingredientsnetwork.com/sas-arco-comp249177.html
SAS COPALIS Industrie,https://www.ingredientsnetwork.com/sas-copalis-industrie-comp314871.html
SAS NUTRAVERIS,https://www.ingredientsnetwork.com/sas-nutraveris-comp286776.html
SAS SAIREM,https://www.ingredientsnetwork.com/sas-sairem-comp267982.html
SAS SETALG,https://www.ingredientsnetwork.com/sas-setalg-comp312841.html
Saskatchewan Ministry of Trade and Export Development,https://www.ingredientsnetwork.com/saskatchewan-ministry-of-trade-and-export-comp302154.html
SAT HOLISTIC GROUP LTD,https://www.ingredientsnetwork.com/sat-holistic-group-ltd-comp324187.html
"Sato Yakuhin Kogyo Co.,Ltd",https://www.ingredientsnetwork.com/sato-yakuhin-kogyo-co-ltd-comp289858.html
"Satoria Agro Industri,PT",https://www.ingredientsnetwork.com/satoria-agro-industri-pt-comp289740.html
Sattva Botanicals,https://www.ingredientsnetwork.com/sattva-botanicals-comp481300.html
Satyavathi Biolife Sciences Limited,https://www.ingredientsnetwork.com/satyavathi-biolife-sciences-limited-comp267944.html
SAVANNA Ingredients GmbH,https://www.ingredientsnetwork.com/savanna-ingredients-gmbh-comp316950.html
SAVE THE NATURE (INTERNATIONAL) PRIVATE LIMITED,https://www.ingredientsnetwork.com/save-the-nature-international-private-limited-comp312909.html
"Savelife BioScience Co.,Ltd",https://www.ingredientsnetwork.com/savelife-bioscience-co-ltd-comp271600.html
savo Life Science,https://www.ingredientsnetwork.com/savo-life-science-comp312991.html
Savour Route Pvt Ltd.,https://www.ingredientsnetwork.com/savour-route-pvt-ltd-comp302009.html
SAYENS,https://www.ingredientsnetwork.com/sayens-comp280719.html
TAB ILAC SAN. A.S.,https://www.ingredientsnetwork.com/tab-ilac-san-a-s-comp307608.html
Tactus Nutrasciences LLP,https://www.ingredientsnetwork.com/tactus-nutrasciences-llp-comp319857.html
TAISI,https://www.ingredientsnetwork.com/taisi-comp476649.html
TAIWAN PAVILION,https://www.ingredientsnetwork.com/taiwan-pavilion-comp478547.html
TAIYO,https://www.ingredientsnetwork.com/taiyo-comp249275.html
Taiyo Kagaku India Pvt Ltd,https://www.ingredientsnetwork.com/taiyo-kagaku-india-pvt-ltd-comp305048.html
TAIZHOU FEIFENG PLASTIC INDUSTRY CO.，LTD,https://www.ingredientsnetwork.com/taizhou-feifeng-plastic-industry-co-ltd-comp322432.html
TAIZHOU PTERODACTYL GREEN FARM PRODUCE,https://www.ingredientsnetwork.com/taizhou-pterodactyl-green-farm-produce-comp254905.html
Tajir Private Limited,https://www.ingredientsnetwork.com/tajir-private-limited-comp269099.html
Takshkabir Enterprises,https://www.ingredientsnetwork.com/takshkabir-enterprises-comp481693.html
"TAN PUTRA TAMA, PT",https://www.ingredientsnetwork.com/tan-putra-tama-pt-comp479774.html
Tanbo Food Ingredients,https://www.ingredientsnetwork.com/tanbo-food-ingredients-comp282605.html
TANGERINE BIOSCIENCES,https://www.ingredientsnetwork.com/tangerine-biosciences-comp479619.html
"Tangga Emas Kimia,PT",https://www.ingredientsnetwork.com/tangga-emas-kimia-pt-comp477303.html
Tantus sp. z o.o.,https://www.ingredientsnetwork.com/tantus-sp-z-o-o-comp477934.html
Tanya Exports,https://www.ingredientsnetwork.com/tanya-exports-comp282197.html
TAPI WELLNESS PRIVATE LIMITED,https://www.ingredientsnetwork.com/tapi-wellness-private-limited-comp481462.html
Target Agriculture Group,https://www.ingredientsnetwork.com/target-agriculture-group-comp481838.html
Target Institute of Medical Education and Research Pvt Ltd,https://www.ingredientsnetwork.com/target-institute-of-medical-education-and-comp481194.html
"Taste Legend Bio-Tech Co.,Ltd.",https://www.ingredientsnetwork.com/taste-legend-bio-tech-co-ltd-comp319794.html
Taste Master Flavours Pvt Ltd,https://www.ingredientsnetwork.com/taste-master-flavours-pvt-ltd-comp479655.html
Tat Nisasta,https://www.ingredientsnetwork.com/tat-nisasta-comp249281.html
Tata Chemicals Europe Ltd,https://www.ingredientsnetwork.com/tata-chemicals-europe-ltd-comp251412.html
Tata Chemicals Ltd,https://www.ingredientsnetwork.com/tata-chemicals-ltd-comp273070.html
TATARASA PRIMATAMA,https://www.ingredientsnetwork.com/tatarasa-primatama-comp480940.html
Tate and Lyle Asia Pacific Pte Ltd,https://www.ingredientsnetwork.com/tate-and-lyle-asia-pacific-pte-ltd-comp272336.html
Tatua Co-operative Dairy Company,https://www.ingredientsnetwork.com/tatua-co-operative-dairy-company-comp478885.html
TAVIL,https://www.ingredientsnetwork.com/tavil-comp324295.html
Taylor & Francis Group Ltd,https://www.ingredientsnetwork.com/taylor-francis-group-ltd-comp320792.html
"Taawhia Co.,Ltd.",https://www.ingredientsnetwork.com/taawhia-co-ltd-comp294159.html
Tainan City Government Economic Development Bureau (TCGEDB),https://www.ingredientsnetwork.com/tainan-city-government-economic-development-comp283135.html
Taiwan Biotechnology Industry Alliance,https://www.ingredientsnetwork.com/taiwan-biotechnology-industry-alliance-comp250238.html
"Taiwan Farm Industry Co., Ltd.",https://www.ingredientsnetwork.com/taiwan-farm-industry-co-ltd-comp283173.html
"Taiwan Fructose Co., Ltd",https://www.ingredientsnetwork.com/taiwan-fructose-co-ltd-comp269344.html
Taiwan Leader Biotech,https://www.ingredientsnetwork.com/taiwan-leader-biotech-comp271599.html
Taixing Sanhua food additive factory,https://www.ingredientsnetwork.com/taixing-sanhua-food-additive-factory-comp277355.html
"TAIYO KAGAKU CO., LTD.",https://www.ingredientsnetwork.com/taiyo-kagaku-co-ltd-comp250571.html
"TAIZHOU BETTER FOODS CO., LTD",https://www.ingredientsnetwork.com/taizhou-better-foods-co-ltd-comp270049.html
"TAIZHOU HUGO CHEMICALS CO.,LTD.",https://www.ingredientsnetwork.com/taizhou-hugo-chemicals-co-ltd-comp251409.html
"Taizhou qihang Plastics Industry Co.,Ltd",https://www.ingredientsnetwork.com/taizhou-qihang-plastics-industry-co-ltd-comp319924.html
Taj Food (Pvt) Ltd,https://www.ingredientsnetwork.com/taj-food-pvt-ltd-comp263123.html
TAKABIO,https://www.ingredientsnetwork.com/takabio-comp475429.html
Takasago International (Singapore),https://www.ingredientsnetwork.com/takasago-international-singapore-comp272335.html
Tamago Food,https://www.ingredientsnetwork.com/tamago-food-comp285192.html
Tanaka,https://www.ingredientsnetwork.com/tanaka-comp476769.html
"TANGSHAN ZHONGHONG GAOSHENG FOOD CO., LTD",https://www.ingredientsnetwork.com/tangshan-zhonghong-gaosheng-food-co-ltd-comp296187.html
Tanin d.d.,https://www.ingredientsnetwork.com/tanin-d-d-comp308443.html
Tanka Wanka Ltd,https://www.ingredientsnetwork.com/tanka-wanka-ltd-comp309068.html
Tanzania&Uganda Avocado Oil,https://www.ingredientsnetwork.com/tanzania-uganda-avocado-oil-comp477145.html
Tanzanian Spices,https://www.ingredientsnetwork.com/tanzanian-spices-comp477146.html
Taprobane Food & Beverage Products Pvt Ltd,https://www.ingredientsnetwork.com/taprobane-food-beverage-products-pvt-ltd-comp306123.html
TARADON LABORATORY,https://www.ingredientsnetwork.com/taradon-laboratory-comp282514.html
TARGEDYS,https://www.ingredientsnetwork.com/targedys-comp312847.html
Targeting Gut Disease srl,https://www.ingredientsnetwork.com/targeting-gut-disease-srl-comp319925.html
TARTUFI JIMMY SRL,https://www.ingredientsnetwork.com/tartufi-jimmy-srl-comp292301.html
Tasco Label Print Solutions,https://www.ingredientsnetwork.com/tasco-label-print-solutions-comp280626.html
Tastarom Products LLP,https://www.ingredientsnetwork.com/tastarom-products-llp-comp250646.html
TasteTech Ltd,https://www.ingredientsnetwork.com/tastetech-ltd-comp249278.html
TATE & LYLE,https://www.ingredientsnetwork.com/tate-lyle-comp282552.html
Tate & Lyle Ingredients France SAS,https://www.ingredientsnetwork.com/tate-lyle-ingredients-france-sas-comp249282.html
TATE & LYLE PLC,https://www.ingredientsnetwork.com/tate-lyle-plc-comp290771.html
Tatua Co-operative Dairy Company,https://www.ingredientsnetwork.com/tatua-co-operative-dairy-company-comp475491.html
Taura Natural Ingredients,https://www.ingredientsnetwork.com/taura-natural-ingredients-comp249283.html
Tavioka Organics,https://www.ingredientsnetwork.com/tavioka-organics-comp317847.html
Tay Ninh Tapioca Joint Stock Company,https://www.ingredientsnetwork.com/tay-ninh-tapioca-joint-stock-company-comp289345.html
Taylor Brothers Farms Inc,https://www.ingredientsnetwork.com/taylor-brothers-farms-inc-comp249284.html
UAB Baltic Cocoa,https://www.ingredientsnetwork.com/uab-baltic-cocoa-comp481840.html
UAB Laboratorija 1,https://www.ingredientsnetwork.com/uab-laboratorija-1-comp475468.html
UAB Dehidra,https://www.ingredientsnetwork.com/uab-dehidra-comp279531.html
UAB Inobera,https://www.ingredientsnetwork.com/uab-inobera-comp317903.html
UAB Litamilk,https://www.ingredientsnetwork.com/uab-litamilk-comp316106.html
UAB Lithempa (H Drop),https://www.ingredientsnetwork.com/uab-lithempa-h-drop-comp320916.html
UAB VG Agroholding,https://www.ingredientsnetwork.com/uab-vg-agroholding-comp277369.html
Valemis AG - CollaSel,https://www.ingredientsnetwork.com/valemis-ag-collasel-comp270217.html
Valens Int. d.o.o.,https://www.ingredientsnetwork.com/valens-int-d-o-o-comp313038.html
VALENTIS,https://www.ingredientsnetwork.com/valentis-comp307619.html
Valeo Farma Societa Cooperativa,https://www.ingredientsnetwork.com/valeo-farma-societa-cooperativa-comp309074.html
Valio Continental,https://www.ingredientsnetwork.com/valio-continental-comp295291.html
Valio Oy,https://www.ingredientsnetwork.com/valio-oy-comp279303.html
Valsemøllen A/S,https://www.ingredientsnetwork.com/valsemoellen-a-s-comp475896.html
Value Ingredients Pvt. Ltd.,https://www.ingredientsnetwork.com/value-ingredients-pvt-ltd-comp273592.html
ValueGrain GmbH,https://www.ingredientsnetwork.com/valuegrain-gmbh-comp481929.html
Van Drunen Farms Europe,https://www.ingredientsnetwork.com/van-drunen-farms-europe-comp268459.html
Van Hees GmbH,https://www.ingredientsnetwork.com/van-hees-gmbh-comp481178.html
van wankum ingredients BV,https://www.ingredientsnetwork.com/van-wankum-ingredients-bv-comp318559.html
vaneeghen,https://www.ingredientsnetwork.com/vaneeghen-comp249559.html
Vanna Extracts Pvt Ltd,https://www.ingredientsnetwork.com/vanna-extracts-pvt-ltd-comp323081.html
Vantage Nutrition LLP,https://www.ingredientsnetwork.com/vantage-nutrition-llp-comp323204.html
Vasa Pharmachem Pvt Ltd,https://www.ingredientsnetwork.com/vasa-pharmachem-pvt-ltd-comp323599.html
VAV Lipids Private Limited,https://www.ingredientsnetwork.com/vav-lipids-private-limited-comp317526.html
Valens Nutri,https://www.ingredientsnetwork.com/valens-nutri-comp307622.html
Valfoo AG,https://www.ingredientsnetwork.com/valfoo-ag-comp312789.html
Valid8Food,https://www.ingredientsnetwork.com/valid8food-comp323625.html
"Valley Media, INC",https://www.ingredientsnetwork.com/valley-media-inc-comp324413.html
VALOREX FOOD,https://www.ingredientsnetwork.com/valorex-food-comp322688.html
Van Aroma,https://www.ingredientsnetwork.com/van-aroma-comp281366.html
Vandemoortele Europe NV,https://www.ingredientsnetwork.com/vandemoortele-europe-nv-comp251429.html
Vanilla Fair,https://www.ingredientsnetwork.com/vanilla-fair-comp322689.html
Vanilla Vida,https://www.ingredientsnetwork.com/vanilla-vida-comp314700.html
Vanille B.V.,https://www.ingredientsnetwork.com/vanille-b-v-comp317251.html
vanRijsingen Ingredients B.V.,https://www.ingredientsnetwork.com/vanrijsingen-ingredients-b-v-comp282515.html
Varaahi Farms Pvt Ltd,https://www.ingredientsnetwork.com/varaahi-farms-pvt-ltd-comp273593.html
VAXA TECHNOLOGIES,https://www.ingredientsnetwork.com/vaxa-technologies-comp475492.html
WACKER,https://www.ingredientsnetwork.com/wacker-comp319612.html
"Wahana Interfood Nusantara Tbk,PT",https://www.ingredientsnetwork.com/wahana-interfood-nusantara-tbk-pt-comp324165.html
Walpar Nutritions Limited,https://www.ingredientsnetwork.com/walpar-nutritions-limited-comp476368.html
Walvax Hongkong Limited,https://www.ingredientsnetwork.com/walvax-hongkong-limited-comp481851.html
WAPI OU,https://www.ingredientsnetwork.com/wapi-ou-comp477936.html
Wasdell Group Ltd.,https://www.ingredientsnetwork.com/wasdell-group-ltd-comp324734.html
Wacker Chemicals (China) Co Ltd,https://www.ingredientsnetwork.com/wacker-chemicals-china-co-ltd-comp264915.html
Wacker Chemie AG,https://www.ingredientsnetwork.com/wacker-chemie-ag-comp249314.html
Wageningen Food & Biobased Research,https://www.ingredientsnetwork.com/wageningen-food-biobased-research-comp270072.html
Wageningen University & Research,https://www.ingredientsnetwork.com/wageningen-university-research-comp279309.html
WAGRALIM,https://www.ingredientsnetwork.com/wagralim-comp271583.html
Waguruwela Oil Mills (PVT) Ltd,https://www.ingredientsnetwork.com/waguruwela-oil-mills-pvt-ltd-comp284758.html
Waitaki Biosciences,https://www.ingredientsnetwork.com/waitaki-biosciences-comp307631.html
Wallonia Export & Investment Agency (AWEX),https://www.ingredientsnetwork.com/wallonia-export-investment-agency-awex-comp289314.html
"Wan Ja Shan Brewery Co., Ltd.",https://www.ingredientsnetwork.com/wan-ja-shan-brewery-co-ltd-comp283137.html
Wanadis Kft,https://www.ingredientsnetwork.com/wanadis-kft-comp270784.html
Wanasinghe Holdings (PVT) LTD,https://www.ingredientsnetwork.com/wanasinghe-holdings-pvt-ltd-comp284759.html
WANDER AG,https://www.ingredientsnetwork.com/wander-ag-comp249714.html
"WanYang Hengshui Pharmaceutical Co.,Ltd",https://www.ingredientsnetwork.com/wanyang-hengshui-pharmaceutical-co-ltd-comp319929.html
"Warlbor Flavour and Ingredients Indonesia,PT",https://www.ingredientsnetwork.com/warlbor-flavour-and-ingredients-indonesia-pt-comp319502.html
Washington State Department of Agriculture,https://www.ingredientsnetwork.com/washington-state-department-of-agriculture-comp324166.html
"Watson, Inc.",https://www.ingredientsnetwork.com/watson-inc-comp254302.html
Wave Bionomics GmbH.,https://www.ingredientsnetwork.com/wave-bionomics-gmbh-comp475627.html
X-Sanbar,https://www.ingredientsnetwork.com/x-sanbar-comp273373.html
"Xi an Jinrui International Trading Co., Ltd.",https://www.ingredientsnetwork.com/xi-an-jinrui-international-trading-co-ltd-comp312590.html
"Xi 'an Tianguangyuan Biotech Co., LTD",https://www.ingredientsnetwork.com/xi-an-tianguangyuan-biotech-co-ltd-comp322433.html
"Xi’an Aladdin Biotechnology Co., Ltd.",https://www.ingredientsnetwork.com/xi-an-aladdin-biotechnology-co-ltd-comp481520.html
"XI’AN BEST BIO-TECH CO., LTD.",https://www.ingredientsnetwork.com/xi-an-best-bio-tech-co-ltd-comp481209.html
"Xi’an Green-life Co., Ltd",https://www.ingredientsnetwork.com/xi-an-green-life-co-ltd-comp312870.html
"Xi’an Longze Biotechnology Co., Ltd",https://www.ingredientsnetwork.com/xi-an-longze-biotechnology-co-ltd-comp296026.html
"Xiamen Gelken Gelatin Co., Ltd",https://www.ingredientsnetwork.com/xiamen-gelken-gelatin-co-ltd-comp314749.html
"Xiamen Huison Biotech Co.,Ltd.",https://www.ingredientsnetwork.com/xiamen-huison-biotech-co-ltd-comp250769.html
"Xiamen Tianyuanfood Co., Ltd.",https://www.ingredientsnetwork.com/xiamen-tianyuanfood-co-ltd-comp263895.html
"Xian Blossom Lifescience Co., Ltd.",https://www.ingredientsnetwork.com/xian-blossom-lifescience-co-ltd-comp481205.html
XI'AN DAY NATURAL INC,https://www.ingredientsnetwork.com/xi-an-day-natural-inc-comp476391.html
"Xi'an ECO Biotech Factory Co., Ltd.",https://www.ingredientsnetwork.com/xi-an-eco-biotech-factory-co-ltd-comp479620.html
"XI'AN EXCELLENT BIO-TECH CO., LTD.",https://www.ingredientsnetwork.com/xi-an-excellent-bio-tech-co-ltd-comp326757.html
Xi'an Faitury Bio-tech Co,https://www.ingredientsnetwork.com/xi-an-faitury-bio-tech-co-comp319864.html
"xi'an Green life Co.,Ltd",https://www.ingredientsnetwork.com/xi-an-green-life-co-ltd-comp309651.html
"Xi'an Green Spring Technology Co., Ltd",https://www.ingredientsnetwork.com/xi-an-green-spring-technology-co-ltd-comp307731.html
"Xi'an Green Spring Technology Co.,Ltd",https://www.ingredientsnetwork.com/xi-an-green-spring-technology-co-ltd-comp314902.html
"Xi'an Healthful Biotechnology Co., Ltd",https://www.ingredientsnetwork.com/xi-an-healthful-biotechnology-co-ltd-comp313998.html
"XI'AN HEALTHWAY BIOTECH CO.,LTD",https://www.ingredientsnetwork.com/xi-an-healthway-biotech-co-ltd-comp319932.html
"Xi'an HerbSpirit Technology Co.,Ltd",https://www.ingredientsnetwork.com/xi-an-herbspirit-technology-co-ltd-comp327380.html
"Xi'an Hihealth Biotechnology Co., Ltd.",https://www.ingredientsnetwork.com/xi-an-hihealth-biotechnology-co-ltd-comp477938.html
"Xi'an Innov Biotechnology Co., Ltd",https://www.ingredientsnetwork.com/xi-an-innov-biotechnology-co-ltd-comp314985.html
"Xian Mai Fu Meeting Exhibition Service Co.,Ltd",https://www.ingredientsnetwork.com/xian-mai-fu-meeting-exhibition-service-co-ltd-comp479659.html
"Xi'an Nate Biological Technology Co., Ltd.",https://www.ingredientsnetwork.com/xi-an-nate-biological-technology-co-ltd-comp320064.html
XI'AN NATURALE BIOPHARMA LTD,https://www.ingredientsnetwork.com/xi-an-naturale-biopharma-ltd-comp477939.html
"Xi'an Pincredit Bio-tech Co.,ltd",https://www.ingredientsnetwork.com/xi-an-pincredit-bio-tech-co-ltd-comp312925.html
"Xi'an Quanao Biotech Co., LTD.",https://www.ingredientsnetwork.com/xi-an-quanao-biotech-co-ltd-comp481199.html
"XI'AN Rainbow Bio-Tech Co.,Ltd.",https://www.ingredientsnetwork.com/xi-an-rainbow-bio-tech-co-ltd-comp481200.html
"Xi'an rainbow biotech Co.,Ltd",https://www.ingredientsnetwork.com/xi-an-rainbow-biotech-co-ltd-comp309793.html
"Xian Season Biotechnology Co.,Ltd.",https://www.ingredientsnetwork.com/xian-season-biotechnology-co-ltd-comp481206.html
"Xi'an Sentian Biotechnology Co., Ltd.",https://www.ingredientsnetwork.com/xi-an-sentian-biotechnology-co-ltd-comp481201.html
"Xi'an Sost Biotech Co.,Ltd.",https://www.ingredientsnetwork.com/xi-an-sost-biotech-co-ltd-comp478553.html
"Xi'an Taicheng Chemical Co., Ltd.",https://www.ingredientsnetwork.com/xi-an-taicheng-chemical-co-ltd-comp312921.html
"XI'AN TONKING BIOTECH CO., LTD",https://www.ingredientsnetwork.com/xi-an-tonking-biotech-co-ltd-comp481202.html
Xi'An Victar Bio-Tech Corp,https://www.ingredientsnetwork.com/xi-an-victar-bio-tech-corp-comp314904.html
"xi'an vitafood Biotech Co,ltd",https://www.ingredientsnetwork.com/xi-an-vitafood-biotech-co-ltd-comp481203.html
"Xi'an Yanhao Bio-Tech Co., Ltd.",https://www.ingredientsnetwork.com/xi-an-yanhao-bio-tech-co-ltd-comp481204.html
"XI'AN Yinheng Phytochem Co.,Ltd",https://www.ingredientsnetwork.com/xi-an-yinheng-phytochem-co-ltd-comp309653.html
Xi'an Yuensun Biological Technology Comp,https://www.ingredientsnetwork.com/xi-an-yuensun-biological-technology-comp-comp313310.html
XINGFA GROUP,https://www.ingredientsnetwork.com/xingfa-group-comp249028.html
"Xinghua Dingkang Food Technology Co.,Ltd.",https://www.ingredientsnetwork.com/xinghua-dingkang-food-technology-co-ltd-comp296033.html
"Xinghua Fullwealth Foods Co., Ltd.",https://www.ingredientsnetwork.com/xinghua-fullwealth-foods-co-ltd-comp323888.html
"Xinghua GL Stevia Co.,Ltd.",https://www.ingredientsnetwork.com/xinghua-gl-stevia-co-ltd-comp249325.html
"Xinghua Lianfu Food Co., Ltd",https://www.ingredientsnetwork.com/xinghua-lianfu-food-co-ltd-comp277359.html
"Xinjiang Fruit Industry Technology Development Co., Ltd",https://www.ingredientsnetwork.com/xinjiang-fruit-industry-technology-development-co-comp323618.html
"XINJIANG TIANJIAO HONG’AN PIGMENT CO.,LTD",https://www.ingredientsnetwork.com/xinjiang-tianjiao-hong-an-pigment-co-ltd-comp475628.html
"XINJIANG TIANJIAO HONG'AN PIGMENT CO.,LTD",https://www.ingredientsnetwork.com/xinjiang-tianjiao-hong-an-pigment-co-ltd-comp308160.html
"XinKailian Biotechnology (Hainan) Co., LTD",https://www.ingredientsnetwork.com/xinkailian-biotechnology-hainan-co-ltd-comp327200.html
"Xinxiang Jingyue Health Technology Co., LTD",https://www.ingredientsnetwork.com/xinxiang-jingyue-health-technology-co-ltd-comp481207.html
"Xinyi Energy (Puyang) Co., Ltd.",https://www.ingredientsnetwork.com/xinyi-energy-puyang-co-ltd-comp481208.html
Xtractiva Lifescience Private Limited,https://www.ingredientsnetwork.com/xtractiva-lifescience-private-limited-comp325642.html
"Xumei Food Tech Indonesia,PT",https://www.ingredientsnetwork.com/xumei-food-tech-indonesia-pt-comp477319.html
"XUZHOU HENGXING CHEMICAL CO.,LTD.",https://www.ingredientsnetwork.com/xuzhou-hengxing-chemical-co-ltd-comp273501.html
"XUZHOU LIYUAN CELLULOSE TECHNOLOGIES CO.,LTD",https://www.ingredientsnetwork.com/xuzhou-liyuan-cellulose-technologies-co-ltd-comp323889.html
"XI AN TIANXINGJIAN NATURAL BIO-PRODUCTS CO.,LTD",https://www.ingredientsnetwork.com/xi-an-tianxingjian-natural-bio-products-co-ltd-comp314986.html
"XI‘ AN HAOZE BIOTECHNOLOGYCO., LTD",https://www.ingredientsnetwork.com/xi-an-haoze-biotechnologyco-ltd-comp319865.html
"XIAMEN DAOZHIYUAN BIOLOGICAL TECHNPLOGY CO.,LTD..",https://www.ingredientsnetwork.com/xiamen-daozhiyuan-biological-technplogy-co-ltd-comp296125.html
"XIAMEN GREAT RISE BUSINESS TRADE CO.,LTD.",https://www.ingredientsnetwork.com/xiamen-great-rise-business-trade-co-ltd-comp282516.html
"Xiamen Kinderway Packaging Co., Ltd",https://www.ingredientsnetwork.com/xiamen-kinderway-packaging-co-ltd-comp320837.html
"Xiamen Oukai Science and Technology Co., Ltd.",https://www.ingredientsnetwork.com/xiamen-oukai-science-and-technology-co-ltd-comp324167.html
"Xiamen Wagott Imp &Exp Co., Ltd",https://www.ingredientsnetwork.com/xiamen-wagott-imp-exp-co-ltd-comp272725.html
"Xiamen Wagott Imp&Exp Co., Ltd",https://www.ingredientsnetwork.com/xiamen-wagott-imp-exp-co-ltd-comp276829.html
"Xi'an Gaoyuan Bio-Chem Co.,Ltd.",https://www.ingredientsnetwork.com/xi-an-gaoyuan-bio-chem-co-ltd-comp314900.html
"Xi'an Green Source Co.,Ltd",https://www.ingredientsnetwork.com/xi-an-green-source-co-ltd-comp314901.html
"Xi'an Herbsine Bioengineering Co., Ltd",https://www.ingredientsnetwork.com/xi-an-herbsine-bioengineering-co-ltd-comp319933.html
"Xian Laybio Natural Ingredients Co.,Ltd",https://www.ingredientsnetwork.com/xian-laybio-natural-ingredients-co-ltd-comp314987.html
"XI'AN LONGZE BIOTECHNOLOGY CO.,LTD.",https://www.ingredientsnetwork.com/xi-an-longze-biotechnology-co-ltd-comp314905.html
"xi'an nutracarin bio-tech co.,ltd",https://www.ingredientsnetwork.com/xi-an-nutracarin-bio-tech-co-ltd-comp314903.html
Xi'an Sanjiang Bio-Engineering Co. Ltd.,https://www.ingredientsnetwork.com/xi-an-sanjiang-bio-engineering-co-ltd-comp296027.html
"Xian Shenghui Kangze Biology Science And Technology Co., Ltd.",https://www.ingredientsnetwork.com/xian-shenghui-kangze-biology-science-and-comp327589.html
"Xi'an Xiaocao Botanical Development Co.,Ltd",https://www.ingredientsnetwork.com/xi-an-xiaocao-botanical-development-co-ltd-comp296052.html
"Xi'an Xiaocao Botanical Development Co.,ltd.",https://www.ingredientsnetwork.com/xi-an-xiaocao-botanical-development-co-ltd-comp309652.html
"Xi'an Xuhuang Bio-Tech Co., Ltd.",https://www.ingredientsnetwork.com/xi-an-xuhuang-bio-tech-co-ltd-comp322434.html
"Xindongkang Nutrition Technology Co., Ltd",https://www.ingredientsnetwork.com/xindongkang-nutrition-technology-co-ltd-comp316386.html
Xingan County Shenxin Activated Carbon,https://www.ingredientsnetwork.com/xingan-county-shenxin-activated-carbon-comp267939.html
"Xinghua Changqing Imp.&Exp. Trade Co.,Ltd",https://www.ingredientsnetwork.com/xinghua-changqing-imp-exp-trade-co-ltd-comp314490.html
Xinghua Dongao Food Co Ltd,https://www.ingredientsnetwork.com/xinghua-dongao-food-co-ltd-comp254351.html
Xinghua Dongbao International Trade,https://www.ingredientsnetwork.com/xinghua-dongbao-international-trade-comp324366.html
"XINGHUA HONGSHENG FOODS CO.,LTD",https://www.ingredientsnetwork.com/xinghua-hongsheng-foods-co-ltd-comp267923.html
Xinghua Jiahe Foods Co. Ltd.,https://www.ingredientsnetwork.com/xinghua-jiahe-foods-co-ltd-comp250729.html
"Xinghua Kairui International Trade Co.,",https://www.ingredientsnetwork.com/xinghua-kairui-international-trade-co-comp273563.html
"XINGHUA KANGHUA FOODS CO.,LTD.",https://www.ingredientsnetwork.com/xinghua-kanghua-foods-co-ltd-comp322401.html
Xinghua Liansheng Food Co Ltd,https://www.ingredientsnetwork.com/xinghua-liansheng-food-co-ltd-comp250255.html
"Xinghua Oli Foods Co., Ltd.",https://www.ingredientsnetwork.com/xinghua-oli-foods-co-ltd-comp296149.html
Xinghua Tongquan Foods Co Ltd,https://www.ingredientsnetwork.com/xinghua-tongquan-foods-co-ltd-comp250320.html
Xinhua Shenghe Foods Co Ltd,https://www.ingredientsnetwork.com/xinhua-shenghe-foods-co-ltd-comp270094.html
"Xinjiang Fufeng Biotechnologies Co., Ltd",https://www.ingredientsnetwork.com/xinjiang-fufeng-biotechnologies-co-ltd-comp309654.html
Xinjiang Longping High-Tech Hongan Seeds,https://www.ingredientsnetwork.com/xinjiang-longping-high-tech-hongan-seeds-comp250596.html
"Xinjiang Xiyu Guobao Biotechnology Co., Ltd",https://www.ingredientsnetwork.com/xinjiang-xiyu-guobao-biotechnology-co-ltd-comp296053.html
"XINXIANG AURORA BIOTECHNOLOGY CO., LTD.",https://www.ingredientsnetwork.com/xinxiang-aurora-biotechnology-co-ltd-comp314988.html
"Xinxiang Yuanfeng calcium Industry Co., Ltd",https://www.ingredientsnetwork.com/xinxiang-yuanfeng-calcium-industry-co-ltd-comp296138.html
Xtend-life Group Limited,https://www.ingredientsnetwork.com/xtend-life-group-limited-comp315886.html
XTRATUS,https://www.ingredientsnetwork.com/xtratus-comp319935.html
"Xuzhou Hens Foods Co., Ltd.",https://www.ingredientsnetwork.com/xuzhou-hens-foods-co-ltd-comp281817.html
"Xuzhou Yitong Food Industry Co.,Ltd.",https://www.ingredientsnetwork.com/xuzhou-yitong-food-industry-co-ltd-comp273564.html
"Yaan Times Biotech Co.,Ltd.",https://www.ingredientsnetwork.com/yaan-times-biotech-co-ltd-comp477940.html
Yacon & co,https://www.ingredientsnetwork.com/yacon-co-comp475813.html
"Yahe International Indonesia,PT",https://www.ingredientsnetwork.com/yahe-international-indonesia-pt-comp276955.html
Yama Products,https://www.ingredientsnetwork.com/yama-products-comp284873.html
YAMAMOTO,https://www.ingredientsnetwork.com/yamamoto-comp476467.html
"Yancheng Highland Food Co., Ltd.",https://www.ingredientsnetwork.com/yancheng-highland-food-co-ltd-comp326527.html
"YANCHENG WEIGUAN FOODS CO., LTD.",https://www.ingredientsnetwork.com/yancheng-weiguan-foods-co-ltd-comp478554.html
"Yangling Refine Biology Co., Ltd",https://www.ingredientsnetwork.com/yangling-refine-biology-co-ltd-comp319936.html
Yantai oriental pharmacap Co.Ltd,https://www.ingredientsnetwork.com/yantai-oriental-pharmacap-co-ltd-comp312901.html
"Yantai Oriental Protein Tech Co., Ltd.",https://www.ingredientsnetwork.com/yantai-oriental-protein-tech-co-ltd-comp249796.html
"Yantai Shuangta Food Co., Ltd.",https://www.ingredientsnetwork.com/yantai-shuangta-food-co-ltd-comp319938.html
Yantai Shuangta Food Co. Ltd.,https://www.ingredientsnetwork.com/yantai-shuangta-food-co-ltd-comp309794.html
"YANTAI T.FULL BIOTECH CO.,LTD",https://www.ingredientsnetwork.com/yantai-t-full-biotech-co-ltd-comp249789.html
Yantai zhaoyi Biochnology Co.Ltd,https://www.ingredientsnetwork.com/yantai-zhaoyi-biochnology-co-ltd-comp326179.html
"YANTAI ZHOUJI MARINE BIOTECHNOLOGY CO.,LTD",https://www.ingredientsnetwork.com/yantai-zhouji-marine-biotechnology-co-ltd-comp316957.html
Yasenka D.o.o.,https://www.ingredientsnetwork.com/yasenka-d-o-o-comp319866.html
Yasham Speciality Ingredients Pvt Ltd,https://www.ingredientsnetwork.com/yasham-speciality-ingredients-pvt-ltd-comp249357.html
YAYLA AGRO GIDA SAN.TIC.A.S.,https://www.ingredientsnetwork.com/yayla-agro-gida-san-tic-a-s-comp476559.html
Yaegaki Bio-industry Inc.,https://www.ingredientsnetwork.com/yaegaki-bio-industry-inc-comp282032.html
"Yaizu Suisankagaku Industry Co., Ltd.",https://www.ingredientsnetwork.com/yaizu-suisankagaku-industry-co-ltd-comp268311.html
"YAMAE HISANO Co., Ltd.",https://www.ingredientsnetwork.com/yamae-hisano-co-ltd-comp294157.html
Yancheng Dadi Foods Co. Ltd.,https://www.ingredientsnetwork.com/yancheng-dadi-foods-co-ltd-comp282627.html
Yancheng Hengding Native Products Co Ltd,https://www.ingredientsnetwork.com/yancheng-hengding-native-products-co-ltd-comp267940.html
"YANCHENG WEIGUAN FOODS CO.,LTD",https://www.ingredientsnetwork.com/yancheng-weiguan-foods-co-ltd-comp267941.html
"Yanchi County Yijian BIOTECHNOLOGY Co.,Ltd",https://www.ingredientsnetwork.com/yanchi-county-yijian-biotechnology-co-ltd-comp270567.html
"YANCHI YI JIAN BIOLOGICAL PROJECT CO.,LTD",https://www.ingredientsnetwork.com/yanchi-yi-jian-biological-project-co-ltd-comp314180.html
"Yangzhou Joyvo WeiKem Biology Co., Ltd.",https://www.ingredientsnetwork.com/yangzhou-joyvo-weikem-biology-co-ltd-comp268312.html
"Yangzhou Koen Biological Technology Co.,LTD",https://www.ingredientsnetwork.com/yangzhou-koen-biological-technology-co-ltd-comp319937.html
"YANTAI ANDRE PECTIN CO.,LTD",https://www.ingredientsnetwork.com/yantai-andre-pectin-co-ltd-comp281678.html
"YANTAI HONGRI BIOTECH CO.,LTD",https://www.ingredientsnetwork.com/yantai-hongri-biotech-co-ltd-comp322478.html
"YANTAI HUAHAI BIOCHEMICAL PRODUCT CO.,LTD",https://www.ingredientsnetwork.com/yantai-huahai-biochemical-product-co-ltd-comp296047.html
"Yantai Jiahui Marine Biotech Co., Ltd",https://www.ingredientsnetwork.com/yantai-jiahui-marine-biotech-co-ltd-comp296106.html
"Yantai Taishen Biotechnology Co.,Ltd",https://www.ingredientsnetwork.com/yantai-taishen-biotechnology-co-ltd-comp316372.html
"YANTAI TAROKE BIO-ENGINEERING CO., LTD.",https://www.ingredientsnetwork.com/yantai-taroke-bio-engineering-co-ltd-comp316481.html
YaroviaÃÂÃÂÃÂÃÂ®,https://www.ingredientsnetwork.com/yaroviaaaaaaaaa-comp312811.html
Yawata Corporation,https://www.ingredientsnetwork.com/yawata-corporation-comp315364.html
ZALKIN,https://www.ingredientsnetwork.com/zalkin-comp477636.html
Zalli Foods Ltd.,https://www.ingredientsnetwork.com/zalli-foods-ltd-comp282664.html
Zardolui Isfara LLC,https://www.ingredientsnetwork.com/zardolui-isfara-llc-comp476392.html
