company_name,company_description,sales_markets,primary_business_activity,categories,events,address,email,telephone,website,company_url
,,,,,,,,,,https://www.ingredientsnetwork.com/1-2-taste-comp296460.html
,,,,,,,,,,https://www.ingredientsnetwork.com/100-amazonia-comp324355.html
,,,,,,,,,,https://www.ingredientsnetwork.com/1001-organics-comp324168.html
,,,,,,,,,,https://www.ingredientsnetwork.com/100x-ayurveda-pvt-ltd-comp323590.html
,,,,,,,,,,https://www.ingredientsnetwork.com/10kate-laboratories-comp320097.html
,,,,,,,,,,https://www.ingredientsnetwork.com/1q-health-gmbh-comp319830.html
,,,,,,,,,,https://www.ingredientsnetwork.com/2wheat-comp307724.html
,,,,,,,,,,https://www.ingredientsnetwork.com/3-0-th-hives-bio-s-l-comp477911.html
,,,,,,,,,,https://www.ingredientsnetwork.com/3-seasons-fruit-industry-co-ltd-comp267279.html
,,,,,,,,,,https://www.ingredientsnetwork.com/3-seasons-holding-co-ltd-comp319462.html
,,,,,,,,,,https://www.ingredientsnetwork.com/366-pharma-nanjing-co-ltd-comp250088.html
,,,,,,,,,,https://www.ingredientsnetwork.com/3a-biotech-sl-comp284563.html
,,,,,,,,,,https://www.ingredientsnetwork.com/3gr-agro-llp-comp272863.html
,,,,,,,,,,https://www.ingredientsnetwork.com/3h-labs-comp319623.html
,,,,,,,,,,https://www.ingredientsnetwork.com/3v-tech-s-p-a-comp316098.html
,,,,,,,,,,https://www.ingredientsnetwork.com/4-seasons-mediterranean-aromas-comp308301.html
,,,,,,,,,,https://www.ingredientsnetwork.com/4a24-comp327470.html
,,,,,,,,,,https://www.ingredientsnetwork.com/4potentia-comp475332.html
,,,,,,,,,,https://www.ingredientsnetwork.com/4u-pharma-gmbh-comp323072.html
,,,,,,,,,,https://www.ingredientsnetwork.com/4upharma-d-o-o-comp307362.html
,,,,,,,,,,https://www.ingredientsnetwork.com/65-oats-by-kinnusen-mylly-comp270079.html
,,,,,,,,,,https://www.ingredientsnetwork.com/65-oats-comp301854.html
,,,,,,,,,,https://www.ingredientsnetwork.com/aadi-giri-pvt-ltd-comp322378.html
,,,,,,,,,,https://www.ingredientsnetwork.com/aadvik-foods-products-pvt-ltd-comp322379.html
,,,,,,,,,,https://www.ingredientsnetwork.com/aafud-industryzhuhai-co-ltd-comp281567.html
,,,,,,,,,,https://www.ingredientsnetwork.com/aak-comp248800.html
,,,,,,,,,,https://www.ingredientsnetwork.com/aak-comp249379.html
,,,,,,,,,,https://www.ingredientsnetwork.com/aak-comp479031.html
,,,,,,,,,,https://www.ingredientsnetwork.com/aak-do-brasil-industria-e-comercio-de-oleos-comp281543.html
,,,,,,,,,,https://www.ingredientsnetwork.com/aak-kamani-pvt-ltd-comp269040.html
,,,,,,,,,,https://www.ingredientsnetwork.com/aak-malaysia-comp250403.html
,,,,,,,,,,https://www.ingredientsnetwork.com/aak-malaysia-sdn-bhd-comp281674.html
,,,,,,,,,,https://www.ingredientsnetwork.com/aak-singpore-comp314001.html
,,,,,,,,,,https://www.ingredientsnetwork.com/aakansha-naturprodukte-gmbh-comp318915.html
,,,,,,,,,,https://www.ingredientsnetwork.com/aarkay-food-products-ltd-comp266954.html
,,,,,,,,,,https://www.ingredientsnetwork.com/aarnik-phytochem-ingredients-llp-comp314052.html
,,,,,,,,,,https://www.ingredientsnetwork.com/aarnika-herba-nutra-products-pvt-ltd-comp327576.html
,,,,,,,,,,https://www.ingredientsnetwork.com/aarti-pharmalabs-limited-comp279191.html
,,,,,,,,,,https://www.ingredientsnetwork.com/aavishkar-oral-strips-pvt-ltd-comp324212.html
,,,,,,,,,,https://www.ingredientsnetwork.com/ba-dinh-food-technology-co-ltd-bfchem-comp289336.html
,,,,,,,,,,https://www.ingredientsnetwork.com/baba-products-m-sdn-bhd-comp282153.html
,,,,,,,,,,https://www.ingredientsnetwork.com/baba-sidi-herbs-comp324208.html
,,,,,,,,,,https://www.ingredientsnetwork.com/bacfo-pharmaceuticals-india-ltd-comp323176.html
,,,,,,,,,,https://www.ingredientsnetwork.com/bade-kimyevi-maddeler-arastirma-ve-gelistirme-tic-comp268023.html
,,,,,,,,,,https://www.ingredientsnetwork.com/bagora-dehydrates-comp270150.html
,,,,,,,,,,https://www.ingredientsnetwork.com/bahtera-adi-jaya-pt-comp477851.html
,,,,,,,,,,https://www.ingredientsnetwork.com/baichuan-bio-technology-co-ltd-comp267949.html
,,,,,,,,,,https://www.ingredientsnetwork.com/baieo-comp302487.html
,,,,,,,,,,https://www.ingredientsnetwork.com/bajaj-healthcare-ltd-comp309030.html
,,,,,,,,,,https://www.ingredientsnetwork.com/bajaj-nutraceuticals-comp481315.html
,,,,,,,,,,https://www.ingredientsnetwork.com/bakearts-endustriyel-gida-ve-sanayi-ltd-sti-comp475588.html
,,,,,,,,,,https://www.ingredientsnetwork.com/bakels-sweden-comp301930.html
,,,,,,,,,,https://www.ingredientsnetwork.com/bakeries-group-jeurgens-comp281355.html
,,,,,,,,,,https://www.ingredientsnetwork.com/baking-with-lesaffre-comp301341.html
,,,,,,,,,,https://www.ingredientsnetwork.com/bakker-seeds-comp248720.html
,,,,,,,,,,https://www.ingredientsnetwork.com/balaji-enzyme-and-chemical-pvt-ltd-comp479498.html
,,,,,,,,,,https://www.ingredientsnetwork.com/balchem-comp248721.html
,,,,,,,,,,https://www.ingredientsnetwork.com/balchem-corporation-comp314762.html
,,,,,,,,,,https://www.ingredientsnetwork.com/balchem-corporation-comp475339.html
,,,,,,,,,,https://www.ingredientsnetwork.com/balchem-encapsulates-comp251481.html
,,,,,,,,,,https://www.ingredientsnetwork.com/balkan-agricultural-ltd-comp326631.html
,,,,,,,,,,https://www.ingredientsnetwork.com/baltic-seaberry-comp328356.html
,,,,,,,,,,https://www.ingredientsnetwork.com/baltic-sticks-comp284552.html
,,,,,,,,,,https://www.ingredientsnetwork.com/baltimere-invest-as-comp294188.html
,,,,,,,,,,https://www.ingredientsnetwork.com/baltmilk-comp294193.html
,,,,,,,,,,https://www.ingredientsnetwork.com/banagel-company-limited-comp314006.html
,,,,,,,,,,https://www.ingredientsnetwork.com/bangja-inti-ingridien-pt-comp273536.html
,,,,,,,,,,https://www.ingredientsnetwork.com/bankom-group-comp248722.html
,,,,,,,,,,https://www.ingredientsnetwork.com/bannerbio-nutraceutical-inc-comp296137.html
,,,,,,,,,,https://www.ingredientsnetwork.com/bannerbio-usa-inc-comp289853.html
,,,,,,,,,,https://www.ingredientsnetwork.com/banpong-tapioca-flour-industrial-co-ltd-comp282601.html
,,,,,,,,,,https://www.ingredientsnetwork.com/banqu-comp315847.html
,,,,,,,,,,https://www.ingredientsnetwork.com/banzan-endustriyel-cozumler-san-ve-tic-ltd-sti-comp316228.html
,,,,,,,,,,https://www.ingredientsnetwork.com/baoding-weijia-food-ingredients-co-ltd-comp269048.html
,,,,,,,,,,https://www.ingredientsnetwork.com/baoji-earay-bio-tech-co-ltd-comp317472.html
,,,,,,,,,,https://www.ingredientsnetwork.com/baoji-oasier-nutri-tech-co-ltd-comp243286.html
,,,,,,,,,,https://www.ingredientsnetwork.com/baolingbao-biology-co-ltd-comp249440.html
,,,,,,,,,,https://www.ingredientsnetwork.com/barakat-isfara-llc-comp476371.html
,,,,,,,,,,https://www.ingredientsnetwork.com/barcelonesa-comp267994.html
,,,,,,,,,,https://www.ingredientsnetwork.com/barentz-asia-pacific-pte-ltd-comp289710.html
,,,,,,,,,,https://www.ingredientsnetwork.com/barentz-asia-pacific-pte-ltd-comp305750.html
,,,,,,,,,,https://www.ingredientsnetwork.com/barentz-distribution-india-private-limited-comp322382.html
,,,,,,,,,,https://www.ingredientsnetwork.com/barentz-india-pvt-ltd-comp480578.html
,,,,,,,,,,https://www.ingredientsnetwork.com/barentz-international-b-v-comp249911.html
,,,,,,,,,,https://www.ingredientsnetwork.com/barentz-international-bv-comp249129.html
,,,,,,,,,,https://www.ingredientsnetwork.com/barentz-vietnam-co-ltd-comp272196.html
,,,,,,,,,,https://www.ingredientsnetwork.com/bargus-europe-oy-comp263145.html
,,,,,,,,,,https://www.ingredientsnetwork.com/bariatrix-europe-comp312834.html
,,,,,,,,,,https://www.ingredientsnetwork.com/barrett-dixon-bell-bdb-comp317901.html
,,,,,,,,,,https://www.ingredientsnetwork.com/barrique-gmbh-comp267992.html
,,,,,,,,,,https://www.ingredientsnetwork.com/barry-callebaut-belgium-nv-comp248723.html
,,,,,,,,,,https://www.ingredientsnetwork.com/bars-production-comp307472.html
,,,,,,,,,,https://www.ingredientsnetwork.com/bart-comp251036.html
,,,,,,,,,,https://www.ingredientsnetwork.com/bartek-ingredients-inc-comp281261.html
,,,,,,,,,,https://www.ingredientsnetwork.com/bartek-ingredients-inc-comp319468.html
,,,,,,,,,,https://www.ingredientsnetwork.com/basf-comp256445.html
,,,,,,,,,,https://www.ingredientsnetwork.com/basf-comp319026.html
,,,,,,,,,,https://www.ingredientsnetwork.com/basf-indonesia-pt-comp256189.html
,,,,,,,,,,https://www.ingredientsnetwork.com/basf-south-east-asia-pte-ltd-comp475670.html
,,,,,,,,,,https://www.ingredientsnetwork.com/basf-southeast-asia-pte-ltd-comp280168.html
,,,,,,,,,,https://www.ingredientsnetwork.com/basf-thai-ltd-comp250421.html
,,,,,,,,,,https://www.ingredientsnetwork.com/basic-american-foods-comp248726.html
,,,,,,,,,,https://www.ingredientsnetwork.com/basic-nutrition-co-ltd-comp249754.html
,,,,,,,,,,https://www.ingredientsnetwork.com/basic-nutrition-co-ltd-comp314047.html
,,,,,,,,,,https://www.ingredientsnetwork.com/batang-alum-industrie-pt-comp481702.html
,,,,,,,,,,https://www.ingredientsnetwork.com/bauckhof-muhle-comp287000.html
,,,,,,,,,,https://www.ingredientsnetwork.com/bauer-media-kg-comp324358.html
,,,,,,,,,,https://www.ingredientsnetwork.com/baumgartner-comp248727.html
,,,,,,,,,,https://www.ingredientsnetwork.com/bayerische-milchindustrie-eg-comp248775.html
,,,,,,,,,,https://www.ingredientsnetwork.com/bayerische-milchindustrie-eg-comp326930.html
,,,,,,,,,,https://www.ingredientsnetwork.com/bayernwald-fruchteverwertung-kg-comp248688.html
,,,,,,,,,,https://www.ingredientsnetwork.com/bayn-europe-ab-comp272818.html
,,,,,,,,,,https://www.ingredientsnetwork.com/ca-flavor-sdn-bhd-comp306088.html
,,,,,,,,,,https://www.ingredientsnetwork.com/cabio-biotechwuhanco-ltd-comp249442.html
,,,,,,,,,,https://www.ingredientsnetwork.com/cachet-pharmaceuticals-pvt-ltd-comp321475.html
,,,,,,,,,,https://www.ingredientsnetwork.com/cactus-botanics-ge-gmbh-comp309620.html
,,,,,,,,,,https://www.ingredientsnetwork.com/cactus-botanics-ge-gmbh-comp317477.html
,,,,,,,,,,https://www.ingredientsnetwork.com/cadir-lab-s-r-l-comp327368.html
,,,,,,,,,,https://www.ingredientsnetwork.com/caffe-inc-bv-comp324626.html
,,,,,,,,,,https://www.ingredientsnetwork.com/caffe-ink-comp285168.html
,,,,,,,,,,https://www.ingredientsnetwork.com/cafosa-gum-comp325631.html
,,,,,,,,,,https://www.ingredientsnetwork.com/cahaya-gemerlang-pt-comp316013.html
,,,,,,,,,,https://www.ingredientsnetwork.com/calconut-s-l-comp306941.html
,,,,,,,,,,https://www.ingredientsnetwork.com/caldic-comp251479.html
,,,,,,,,,,https://www.ingredientsnetwork.com/caldic-distributor-indonesia-pt-comp477082.html
,,,,,,,,,,https://www.ingredientsnetwork.com/caldic-specialities-india-private-limited-comp479499.html
,,,,,,,,,,https://www.ingredientsnetwork.com/california-agricultural-export-council-comp327580.html
,,,,,,,,,,https://www.ingredientsnetwork.com/california-milk-advisory-board-comp291253.html
,,,,,,,,,,https://www.ingredientsnetwork.com/california-milk-advisory-comp305128.html
,,,,,,,,,,https://www.ingredientsnetwork.com/california-natural-color-comp286754.html
,,,,,,,,,,https://www.ingredientsnetwork.com/california-walnut-commission-comp248750.html
,,,,,,,,,,https://www.ingredientsnetwork.com/caliskan-tarim-ltd-comp268338.html
,,,,,,,,,,https://www.ingredientsnetwork.com/calpro-specialities-pvt-ltd-comp250658.html
,,,,,,,,,,https://www.ingredientsnetwork.com/calspar-india-comp324255.html
,,,,,,,,,,https://www.ingredientsnetwork.com/caltron-clays-chemicals-pvt-ltd-comp309032.html
,,,,,,,,,,https://www.ingredientsnetwork.com/caltron-overseas-llc-comp307405.html
,,,,,,,,,,https://www.ingredientsnetwork.com/cam-a-m-r-p-comp324224.html
,,,,,,,,,,https://www.ingredientsnetwork.com/cambridge-commodities-comp255042.html
,,,,,,,,,,https://www.ingredientsnetwork.com/cambridge-nutraceuticals-comp309033.html
,,,,,,,,,,https://www.ingredientsnetwork.com/camelina-company-espana-comp270697.html
,,,,,,,,,,https://www.ingredientsnetwork.com/camfarm-comp285260.html
,,,,,,,,,,https://www.ingredientsnetwork.com/camlin-fine-sciences-ltd-comp248751.html
,,,,,,,,,,https://www.ingredientsnetwork.com/campden-bri-comp248752.html
,,,,,,,,,,https://www.ingredientsnetwork.com/campisi-citrus-comp303835.html
,,,,,,,,,,https://www.ingredientsnetwork.com/campo-rico-comp302488.html
,,,,,,,,,,https://www.ingredientsnetwork.com/campus-srl-comp249992.html
,,,,,,,,,,https://www.ingredientsnetwork.com/camstar-comp282907.html
,,,,,,,,,,https://www.ingredientsnetwork.com/canaan-comp309284.html
,,,,,,,,,,https://www.ingredientsnetwork.com/canaan-enterprise-thailand-co-ltd-comp314262.html
,,,,,,,,,,https://www.ingredientsnetwork.com/canada-greenfield-natural-health-products-co-ltd-comp268484.html
,,,,,,,,,,https://www.ingredientsnetwork.com/canadian-food-exporters-association-comp248756.html
,,,,,,,,,,https://www.ingredientsnetwork.com/canadian-lifestyle-comp326389.html
,,,,,,,,,,https://www.ingredientsnetwork.com/canah-international-comp270900.html
,,,,,,,,,,https://www.ingredientsnetwork.com/canberra-chemicals-comp308390.html
,,,,,,,,,,https://www.ingredientsnetwork.com/cand-art-nv-comp476730.html
,,,,,,,,,,https://www.ingredientsnetwork.com/candeco-comp248880.html
,,,,,,,,,,https://www.ingredientsnetwork.com/candy-glam-comp477754.html
,,,,,,,,,,https://www.ingredientsnetwork.com/canmar-foods-ltd-comp284426.html
,,,,,,,,,,https://www.ingredientsnetwork.com/cann-edenn-comp282029.html
,,,,,,,,,,https://www.ingredientsnetwork.com/cannordic-a-s-comp307406.html
,,,,,,,,,,https://www.ingredientsnetwork.com/cano-ela-b-v-comp308006.html
,,,,,,,,,,https://www.ingredientsnetwork.com/cantine-brusa-spa-comp279209.html
,,,,,,,,,,https://www.ingredientsnetwork.com/capol-comp248759.html
,,,,,,,,,,https://www.ingredientsnetwork.com/capricorn-life-sciences-b-v-comp323074.html
,,,,,,,,,,https://www.ingredientsnetwork.com/capsa-comp268977.html
,,,,,,,,,,https://www.ingredientsnetwork.com/capsugel-comp250366.html
,,,,,,,,,,https://www.ingredientsnetwork.com/capsugel-comp324264.html
,,,,,,,,,,https://www.ingredientsnetwork.com/capsugel-lonza-comp475311.html
,,,,,,,,,,https://www.ingredientsnetwork.com/capsula-gmbh-comp249739.html
,,,,,,,,,,https://www.ingredientsnetwork.com/capsularis-comp480800.html
,,,,,,,,,,https://www.ingredientsnetwork.com/capsularis-comp480831.html
,,,,,,,,,,https://www.ingredientsnetwork.com/capsularis-comp480833.html
,,,,,,,,,,https://www.ingredientsnetwork.com/capsularis-comp480834.html
,,,,,,,,,,https://www.ingredientsnetwork.com/capsule-products-co-ltd-comp326932.html
,,,,,,,,,,https://www.ingredientsnetwork.com/capsulit-giglioli-srl-comp307407.html
,,,,,,,,,,https://www.ingredientsnetwork.com/captech-systems-comp481457.html
,,,,,,,,,,https://www.ingredientsnetwork.com/capuzzo-srl-comp316229.html
,,,,,,,,,,https://www.ingredientsnetwork.com/caramelos-cerdan-sl-comp326232.html
,,,,,,,,,,https://www.ingredientsnetwork.com/caramuru-alimentos-s-a-comp280711.html
,,,,,,,,,,https://www.ingredientsnetwork.com/carbery-food-ingredients-ltd-comp248881.html
,,,,,,,,,,https://www.ingredientsnetwork.com/carbet-medica-srl-comp319875.html
,,,,,,,,,,https://www.ingredientsnetwork.com/carbiotix-ab-comp320009.html
,,,,,,,,,,https://www.ingredientsnetwork.com/carbonitalia-srl-comp263142.html
,,,,,,,,,,https://www.ingredientsnetwork.com/cardex-comp324360.html
,,,,,,,,,,https://www.ingredientsnetwork.com/caredin-pty-ltd-comp280182.html
,,,,,,,,,,https://www.ingredientsnetwork.com/caregen-co-ltd-comp304735.html
,,,,,,,,,,https://www.ingredientsnetwork.com/caremoli-guar-industry-pvt-ltd-comp320096.html
,,,,,,,,,,https://www.ingredientsnetwork.com/caremoli-middle-east-food-ingredients-l-l-c-comp475578.html
,,,,,,,,,,https://www.ingredientsnetwork.com/caremoli-spa-comp248764.html
,,,,,,,,,,https://www.ingredientsnetwork.com/cargill-asia-pacific-holdings-pte-ltd-comp272305.html
,,,,,,,,,,https://www.ingredientsnetwork.com/cargill-inc-epicor-comp306507.html
,,,,,,,,,,https://www.ingredientsnetwork.com/cargill-nv-comp248882.html
,,,,,,,,,,https://www.ingredientsnetwork.com/carl-j-nielsen-son-a-s-comp481266.html
,,,,,,,,,,https://www.ingredientsnetwork.com/carletti-a-s-comp280944.html
,,,,,,,,,,https://www.ingredientsnetwork.com/carlo-sessa-spa-comp477913.html
,,,,,,,,,,https://www.ingredientsnetwork.com/carmi-flavor-fragance-co-inc-comp309621.html
,,,,,,,,,,https://www.ingredientsnetwork.com/carnad-a-s-comp475888.html
,,,,,,,,,,https://www.ingredientsnetwork.com/carniolus-comp319445.html
,,,,,,,,,,https://www.ingredientsnetwork.com/caro-nut-georgia-llc-comp251065.html
,,,,,,,,,,https://www.ingredientsnetwork.com/carobingredients-comp290642.html
,,,,,,,,,,https://www.ingredientsnetwork.com/carobway-comp307408.html
,,,,,,,,,,https://www.ingredientsnetwork.com/carotex-flavours-comp248884.html
,,,,,,,,,,https://www.ingredientsnetwork.com/caroube-distrib-comp476890.html
,,,,,,,,,,https://www.ingredientsnetwork.com/cartino-gelatin-co-ltd-comp250436.html
,,,,,,,,,,https://www.ingredientsnetwork.com/caruso-s-natural-health-comp272645.html
,,,,,,,,,,https://www.ingredientsnetwork.com/casa-della-mandorla-comp291164.html
,,,,,,,,,,https://www.ingredientsnetwork.com/casa-santiveri-sl-comp326233.html
,,,,,,,,,,https://www.ingredientsnetwork.com/casaluker-cacao-fino-de-aroma-comp248765.html
,,,,,,,,,,https://www.ingredientsnetwork.com/casillo-next-gen-food-srl-comp304650.html
,,,,,,,,,,https://www.ingredientsnetwork.com/caspa-food-comp282205.html
,,,,,,,,,,https://www.ingredientsnetwork.com/cassia-co-op-head-office-comp481661.html
,,,,,,,,,,https://www.ingredientsnetwork.com/castle-dairy-comp295277.html
,,,,,,,,,,https://www.ingredientsnetwork.com/castle-ingredients-comp308758.html
,,,,,,,,,,https://www.ingredientsnetwork.com/catalent-consumer-health-comp326410.html
,,,,,,,,,,https://www.ingredientsnetwork.com/catalent-consumer-health-comp326411.html
,,,,,,,,,,https://www.ingredientsnetwork.com/catalent-pharma-solutions-comp250281.html
,,,,,,,,,,https://www.ingredientsnetwork.com/catalina-food-solutions-comp326010.html
,,,,,,,,,,https://www.ingredientsnetwork.com/catalo-health-science-ltd-comp477954.html
,,,,,,,,,,https://www.ingredientsnetwork.com/catalo-health-science-ltd-comp477956.html
,,,,,,,,,,https://www.ingredientsnetwork.com/catalysis-s-l-comp314778.html
,,,,,,,,,,https://www.ingredientsnetwork.com/cathliro-comp317837.html
,,,,,,,,,,https://www.ingredientsnetwork.com/cattleya-rose-gourmet-foods-trading-comp324170.html
,,,,,,,,,,https://www.ingredientsnetwork.com/daabon-comp276767.html
,,,,,,,,,,https://www.ingredientsnetwork.com/daabon-europa-gmbh-comp248907.html
,,,,,,,,,,https://www.ingredientsnetwork.com/dacheng-bio-tech-development-co-ltd-comp272307.html
,,,,,,,,,,https://www.ingredientsnetwork.com/dacsa-group-comp268979.html
,,,,,,,,,,https://www.ingredientsnetwork.com/daehan-chemtech-co-ltd-comp319815.html
,,,,,,,,,,https://www.ingredientsnetwork.com/daepyung-co-ltd-comp254995.html
,,,,,,,,,,https://www.ingredientsnetwork.com/daesang-corporation-comp479661.html
,,,,,,,,,,https://www.ingredientsnetwork.com/daesang-europe-b-v-comp304610.html
,,,,,,,,,,https://www.ingredientsnetwork.com/daewon-healthcare-comp328081.html
,,,,,,,,,,https://www.ingredientsnetwork.com/daffodil-pharmachem-pvt-ltd-comp282321.html
,,,,,,,,,,https://www.ingredientsnetwork.com/dagangasia-network-holding-sdn-bhd-comp481853.html
,,,,,,,,,,https://www.ingredientsnetwork.com/dah-feng-capsule-comp272616.html
,,,,,,,,,,https://www.ingredientsnetwork.com/daila-srl-comp325077.html
,,,,,,,,,,https://www.ingredientsnetwork.com/dain-colour-chem-ltd-comp284357.html
,,,,,,,,,,https://www.ingredientsnetwork.com/dairiconcepts-l-p-comp250451.html
,,,,,,,,,,https://www.ingredientsnetwork.com/dairy-asia-co-ltd-comp328302.html
,,,,,,,,,,https://www.ingredientsnetwork.com/dairy-partners-limited-comp475548.html
,,,,,,,,,,https://www.ingredientsnetwork.com/dairychem-comp251095.html
,,,,,,,,,,https://www.ingredientsnetwork.com/dairygold-food-ingredients-ltd-comp249905.html
,,,,,,,,,,https://www.ingredientsnetwork.com/daiwa-pharmaceutical-co-ltd-comp314787.html
,,,,,,,,,,https://www.ingredientsnetwork.com/dakota-specialty-enterprises-comp273245.html
,,,,,,,,,,https://www.ingredientsnetwork.com/dakotamb-comp305747.html
,,,,,,,,,,https://www.ingredientsnetwork.com/dali-houde-hgo-biotech-pte-ltd-comp475772.html
,,,,,,,,,,https://www.ingredientsnetwork.com/dalian-future-international-co-ltd-comp249976.html
,,,,,,,,,,https://www.ingredientsnetwork.com/dalian-greensnow-egg-products-development-co-ltd-comp481801.html
,,,,,,,,,,https://www.ingredientsnetwork.com/dalian-hongjiu-biotech-co-ltd-comp281713.html
,,,,,,,,,,https://www.ingredientsnetwork.com/dalian-kien-technology-co-ltd-comp475595.html
,,,,,,,,,,https://www.ingredientsnetwork.com/dalian-launcher-fine-chemical-co-ltd-comp281811.html
,,,,,,,,,,https://www.ingredientsnetwork.com/dalian-tianpeng-food-co-ltd-comp252084.html
,,,,,,,,,,https://www.ingredientsnetwork.com/dalian-tianshan-industrial-co-ltd-comp285202.html
,,,,,,,,,,https://www.ingredientsnetwork.com/dalian-zhen-ao-bio-tech-co-ltd-comp325750.html
,,,,,,,,,,https://www.ingredientsnetwork.com/dallant-s-a-comp326235.html
,,,,,,,,,,https://www.ingredientsnetwork.com/damascene-essential-oils-and-products-processing-comp316661.html
,,,,,,,,,,https://www.ingredientsnetwork.com/damin-foodstuff-zhangzhou-co-ltd-comp477755.html
,,,,,,,,,,https://www.ingredientsnetwork.com/danbee-holdings-inc-comp328606.html
,,,,,,,,,,https://www.ingredientsnetwork.com/dangschat-t-o-h-gmbh-co-kg-comp306646.html
,,,,,,,,,,https://www.ingredientsnetwork.com/dangshan-haisheng-pectin-co-ltd-comp273454.html
,,,,,,,,,,https://www.ingredientsnetwork.com/dangshan-sannuo-limited-comp268599.html
,,,,,,,,,,https://www.ingredientsnetwork.com/dangshan-sinojuice-food-co-ltd-comp268425.html
,,,,,,,,,,https://www.ingredientsnetwork.com/danisco-brasil-ltda-comp282550.html
,,,,,,,,,,https://www.ingredientsnetwork.com/danisco-india-pvt-ltd-comp281312.html
,,,,,,,,,,https://www.ingredientsnetwork.com/danisco-singapore-pte-ltd-comp282163.html
,,,,,,,,,,https://www.ingredientsnetwork.com/daniscochina-co-ltd-comp280204.html
,,,,,,,,,,https://www.ingredientsnetwork.com/danish-crown-ingredients-comp272780.html
,,,,,,,,,,https://www.ingredientsnetwork.com/danish-ministry-of-foreign-affairs-comp294187.html
,,,,,,,,,,https://www.ingredientsnetwork.com/danstar-ferment-ag-comp314828.html
,,,,,,,,,,https://www.ingredientsnetwork.com/danuni-group-a-s-comp289857.html
,,,,,,,,,,https://www.ingredientsnetwork.com/daoqin-biotechnology-shanghai-co-ltd-comp296008.html
,,,,,,,,,,https://www.ingredientsnetwork.com/daraja-international-comp475596.html
,,,,,,,,,,https://www.ingredientsnetwork.com/daregal-comp248911.html
,,,,,,,,,,https://www.ingredientsnetwork.com/darmstadt-comp316029.html
,,,,,,,,,,https://www.ingredientsnetwork.com/darwin-bioprospecting-excellence-comp323574.html
,,,,,,,,,,https://www.ingredientsnetwork.com/dary-natury-sp-z-o-o-comp479783.html
,,,,,,,,,,https://www.ingredientsnetwork.com/dasan-pharmaceutical-co-ltd-comp327369.html
,,,,,,,,,,https://www.ingredientsnetwork.com/dat-schaub-france-comp251097.html
,,,,,,,,,,https://www.ingredientsnetwork.com/data-bak-comp481418.html
,,,,,,,,,,https://www.ingredientsnetwork.com/datong-boxin-agricultural-by-product-co-ltd-comp270662.html
,,,,,,,,,,https://www.ingredientsnetwork.com/dava-foods-denmark-comp481267.html
,,,,,,,,,,https://www.ingredientsnetwork.com/david-biology-pty-ltd-comp475396.html
,,,,,,,,,,https://www.ingredientsnetwork.com/davos-life-science-pte-ltd-comp289516.html
,,,,,,,,,,https://www.ingredientsnetwork.com/daxia-doce-aroma-comp289030.html
,,,,,,,,,,https://www.ingredientsnetwork.com/daxinganling-lingonberry-boreal-biotech-co-ltd-comp314963.html
,,,,,,,,,,https://www.ingredientsnetwork.com/dayalal-velji-and-sons-comp305028.html
,,,,,,,,,,https://www.ingredientsnetwork.com/daying-commercial-limited-comp327417.html
,,,,,,,,,,https://www.ingredientsnetwork.com/daywell-inc-comp273008.html
,,,,,,,,,,https://www.ingredientsnetwork.com/ea-pharma-comp312889.html
,,,,,,,,,,https://www.ingredientsnetwork.com/eagle-chem-comp312903.html
,,,,,,,,,,https://www.ingredientsnetwork.com/eagle-marketing-comp272261.html
,,,,,,,,,,https://www.ingredientsnetwork.com/earth-root-spices-and-herbs-llp-comp280924.html
,,,,,,,,,,https://www.ingredientsnetwork.com/eastern-trade-media-pte-ltd-comp282899.html
,,,,,,,,,,https://www.ingredientsnetwork.com/eastsign-foods-quzhou-co-ltd-comp250080.html
,,,,,,,,,,https://www.ingredientsnetwork.com/eastsign-foods-quzhou-co-ltd-comp282202.html
,,,,,,,,,,https://www.ingredientsnetwork.com/easy-raw-materials-private-limited-comp475355.html
,,,,,,,,,,https://www.ingredientsnetwork.com/easyvit-pharmaceuticals-bv-comp307431.html
,,,,,,,,,,https://www.ingredientsnetwork.com/easyvit-salk-urunleri-sanayi-a-comp476344.html
,,,,,,,,,,https://www.ingredientsnetwork.com/eat-the-truth-by-mfl-comp396016.html
,,,,,,,,,,https://www.ingredientsnetwork.com/eatwell-co-ltd-comp314012.html
,,,,,,,,,,https://www.ingredientsnetwork.com/enbiosis-biotechnology-comp477658.html
,,,,,,,,,,https://www.ingredientsnetwork.com/encanto-nutraceutica-comp475951.html
,,,,,,,,,,https://www.ingredientsnetwork.com/encap-bioscience-comp481697.html
,,,,,,,,,,https://www.ingredientsnetwork.com/encapscifi-life-sciences-private-limited-comp475356.html
,,,,,,,,,,https://www.ingredientsnetwork.com/endemix-comp249647.html
,,,,,,,,,,https://www.ingredientsnetwork.com/endotelio-comp477659.html
,,,,,,,,,,https://www.ingredientsnetwork.com/energy-group-a-s-comp280184.html
,,,,,,,,,,https://www.ingredientsnetwork.com/enerviteshanghai-health-technology-ltd-comp265556.html
,,,,,,,,,,https://www.ingredientsnetwork.com/engie-cavailes-nutrition-sante-comp316030.html
,,,,,,,,,,https://www.ingredientsnetwork.com/enifer-comp323009.html
,,,,,,,,,,https://www.ingredientsnetwork.com/enjayes-spices-and-natural-flavours-ltd-comp306489.html
,,,,,,,,,,https://www.ingredientsnetwork.com/ennature-biopharma-comp319818.html
,,,,,,,,,,https://www.ingredientsnetwork.com/ennolys-by-lesaffre-comp282604.html
,,,,,,,,,,https://www.ingredientsnetwork.com/ennour-dates-comp317324.html
,,,,,,,,,,https://www.ingredientsnetwork.com/enough-comp307721.html
,,,,,,,,,,https://www.ingredientsnetwork.com/enough-comp307727.html
,,,,,,,,,,https://www.ingredientsnetwork.com/enovate-biolife-comp324231.html
,,,,,,,,,,https://www.ingredientsnetwork.com/enrico-giotti-spa-comp248944.html
,,,,,,,,,,https://www.ingredientsnetwork.com/ensenmi-bio-technology-co-ltd-comp319783.html
,,,,,,,,,,https://www.ingredientsnetwork.com/enshi-m-tea-biotech-co-ltd-comp478799.html
,,,,,,,,,,https://www.ingredientsnetwork.com/enshi-qingjiang-bio-engineering-co-ltd-comp296017.html
,,,,,,,,,,https://www.ingredientsnetwork.com/enshi-xisheng-plant-technology-co-ltd-comp476891.html
,,,,,,,,,,https://www.ingredientsnetwork.com/ensis-sciences-comp294191.html
,,,,,,,,,,https://www.ingredientsnetwork.com/entc-dairy-solutions-comp475956.html
,,,,,,,,,,https://www.ingredientsnetwork.com/enteco-pharma-s-l-comp318917.html
,,,,,,,,,,https://www.ingredientsnetwork.com/enterobiome-comp319878.html
,,,,,,,,,,https://www.ingredientsnetwork.com/enterprise-georgia-comp280146.html
,,,,,,,,,,https://www.ingredientsnetwork.com/enterprise-ireland-comp252088.html
,,,,,,,,,,https://www.ingredientsnetwork.com/envega-company-limited-comp326958.html
,,,,,,,,,,https://www.ingredientsnetwork.com/enwave-corporation-comp477916.html
,,,,,,,,,,https://www.ingredientsnetwork.com/enzo-nutraceuticals-ltd-comp266664.html
,,,,,,,,,,https://www.ingredientsnetwork.com/enzybel-international-sa-comp249777.html
,,,,,,,,,,https://www.ingredientsnetwork.com/enzym-group-comp279224.html
,,,,,,,,,,https://www.ingredientsnetwork.com/enzym-group-comp318540.html
,,,,,,,,,,https://www.ingredientsnetwork.com/enzymco-private-limited-comp322383.html
,,,,,,,,,,https://www.ingredientsnetwork.com/enzyme-bioscience-pvt-ltd-comp273069.html
,,,,,,,,,,https://www.ingredientsnetwork.com/enzyme-development-corporation-comp294155.html
,,,,,,,,,,https://www.ingredientsnetwork.com/enzyme-india-pvt-ltd-comp322384.html
,,,,,,,,,,https://www.ingredientsnetwork.com/enzymecode-biotechnology-co-ltd-comp309617.html
,,,,,,,,,,https://www.ingredientsnetwork.com/enzymedica-inc-comp319879.html
,,,,,,,,,,https://www.ingredientsnetwork.com/fab-flavours-and-fragrances-pvt-ltd-comp281309.html
,,,,,,,,,,https://www.ingredientsnetwork.com/faba-canada-comp302695.html
,,,,,,,,,,https://www.ingredientsnetwork.com/fabas-comp324057.html
,,,,,,,,,,https://www.ingredientsnetwork.com/fable-spirit-lda-comp323010.html
,,,,,,,,,,https://www.ingredientsnetwork.com/fabryka-wafli-miran-wafel-sp-z-o-o-comp328129.html
,,,,,,,,,,https://www.ingredientsnetwork.com/fabster-comp280714.html
,,,,,,,,,,https://www.ingredientsnetwork.com/fabumin-comp326255.html
,,,,,,,,,,https://www.ingredientsnetwork.com/facoteck-comp325633.html
,,,,,,,,,,https://www.ingredientsnetwork.com/factoria-agro-comp323604.html
,,,,,,,,,,https://www.ingredientsnetwork.com/factoria-agro-ltd-comp281263.html
,,,,,,,,,,https://www.ingredientsnetwork.com/fairoils-comp307947.html
,,,,,,,,,,https://www.ingredientsnetwork.com/faithfoods-organic-india-pvt-ltd-comp481685.html
,,,,,,,,,,https://www.ingredientsnetwork.com/falken-trade-sp-z-o-o-comp249927.html
,,,,,,,,,,https://www.ingredientsnetwork.com/falorni-nutra-srl-comp309360.html
,,,,,,,,,,https://www.ingredientsnetwork.com/famille-michaud-comp251117.html
,,,,,,,,,,https://www.ingredientsnetwork.com/family-farm-ptasinski-comp481574.html
,,,,,,,,,,https://www.ingredientsnetwork.com/fammilky-s-r-o-comp479894.html
,,,,,,,,,,https://www.ingredientsnetwork.com/fancy-world-company-limited-comp281699.html
,,,,,,,,,,https://www.ingredientsnetwork.com/fang-da-food-additive-yang-quan-limited-comp290602.html
,,,,,,,,,,https://www.ingredientsnetwork.com/fang-da-food-additive-yang-quan-ltd-comp289351.html
,,,,,,,,,,https://www.ingredientsnetwork.com/fanidhar-mega-food-park-private-limited-comp475325.html
,,,,,,,,,,https://www.ingredientsnetwork.com/faninon-co-ltd-comp251331.html
,,,,,,,,,,https://www.ingredientsnetwork.com/far-east-bio-tec-co-ltd-comp289868.html
,,,,,,,,,,https://www.ingredientsnetwork.com/far-east-bio-tec-co-ltd-comp481643.html
,,,,,,,,,,https://www.ingredientsnetwork.com/far-east-bio-tec-co-ltd-comp481644.html
,,,,,,,,,,https://www.ingredientsnetwork.com/faravelli-comp248963.html
,,,,,,,,,,https://www.ingredientsnetwork.com/fareva-s-a-comp477660.html
,,,,,,,,,,https://www.ingredientsnetwork.com/farinhas-integrais-cisbra-ltda-comp291346.html
,,,,,,,,,,https://www.ingredientsnetwork.com/farm-flavours-comp323852.html
,,,,,,,,,,https://www.ingredientsnetwork.com/farm-trading-and-commerce-int-limited-comp303341.html
,,,,,,,,,,https://www.ingredientsnetwork.com/farmaceutici-procemsa-spa-comp307446.html
,,,,,,,,,,https://www.ingredientsnetwork.com/farmaflor-srl-comp327370.html
,,,,,,,,,,https://www.ingredientsnetwork.com/farmalabor-srl-comp312877.html
,,,,,,,,,,https://www.ingredientsnetwork.com/farmasino-pharmaceuticals-jiangsu-co-comp316941.html
,,,,,,,,,,https://www.ingredientsnetwork.com/farmaxial-s-r-l-a-socio-unico-comp325403.html
,,,,,,,,,,https://www.ingredientsnetwork.com/farmer-s-organic-garden-comp264229.html
,,,,,,,,,,https://www.ingredientsnetwork.com/farmers-matter-shea-group-comp294184.html
,,,,,,,,,,https://www.ingredientsnetwork.com/farmers-pride-raisins-comp252078.html
,,,,,,,,,,https://www.ingredientsnetwork.com/farmesa-comp268028.html
,,,,,,,,,,https://www.ingredientsnetwork.com/farmitalia-srl-comp327172.html
,,,,,,,,,,https://www.ingredientsnetwork.com/farmvale-psyllium-comp323853.html
,,,,,,,,,,https://www.ingredientsnetwork.com/farris-comp251118.html
,,,,,,,,,,https://www.ingredientsnetwork.com/fast-international-co-ltd-comp268449.html
,,,,,,,,,,https://www.ingredientsnetwork.com/favamole-comp478765.html
,,,,,,,,,,https://www.ingredientsnetwork.com/favea-a-s-comp307447.html
,,,,,,,,,,https://www.ingredientsnetwork.com/fayrefield-foods-a-s-comp312493.html
,,,,,,,,,,https://www.ingredientsnetwork.com/fazer-finland-oy-fazer-mills-comp270555.html
,,,,,,,,,,https://www.ingredientsnetwork.com/fazlani-exports-pvt-ltd-comp254260.html
,,,,,,,,,,https://www.ingredientsnetwork.com/gabe-health-technology-comp312918.html
,,,,,,,,,,https://www.ingredientsnetwork.com/gabio-co-ltd-comp273521.html
,,,,,,,,,,https://www.ingredientsnetwork.com/gadag-exports-private-limited-comp478376.html
,,,,,,,,,,https://www.ingredientsnetwork.com/gala-foods-comp325634.html
,,,,,,,,,,https://www.ingredientsnetwork.com/gala-laksana-kreasi-pt-comp272315.html
,,,,,,,,,,https://www.ingredientsnetwork.com/gala-laksana-kreasi-pt-comp291386.html
,,,,,,,,,,https://www.ingredientsnetwork.com/gala-natura-pt-comp325761.html
,,,,,,,,,,https://www.ingredientsnetwork.com/galactic-s-a-comp248927.html
,,,,,,,,,,https://www.ingredientsnetwork.com/galam-comp248733.html
,,,,,,,,,,https://www.ingredientsnetwork.com/galam-invest-sl-comp326239.html
,,,,,,,,,,https://www.ingredientsnetwork.com/galena-quimica-e-farmaceutica-ltda-comp266972.html
,,,,,,,,,,https://www.ingredientsnetwork.com/galic-bina-mada-pt-comp273541.html
,,,,,,,,,,https://www.ingredientsnetwork.com/galventa-ag-comp312558.html
,,,,,,,,,,https://www.ingredientsnetwork.com/ganda-kota-sdn-bhd-comp301501.html
,,,,,,,,,,https://www.ingredientsnetwork.com/gandhi-automations-pvt-ltd-comp270128.html
,,,,,,,,,,https://www.ingredientsnetwork.com/ganesh-foods-comp270102.html
,,,,,,,,,,https://www.ingredientsnetwork.com/ganesh-indonesia-surya-international-pt-comp319478.html
,,,,,,,,,,https://www.ingredientsnetwork.com/gangotri-inorganic-private-limited-comp282324.html
,,,,,,,,,,https://www.ingredientsnetwork.com/gangwal-healthcare-private-limited-comp305868.html
,,,,,,,,,,https://www.ingredientsnetwork.com/gansu-aviko-potato-processing-co-ltd-comp324158.html
,,,,,,,,,,https://www.ingredientsnetwork.com/gansu-dunhuang-seed-fruit-vegetable-products-co-comp249659.html
,,,,,,,,,,https://www.ingredientsnetwork.com/gansu-hualing-casein-co-ltd-comp290458.html
,,,,,,,,,,https://www.ingredientsnetwork.com/gansu-hualing-dairy-sales-co-ltd-comp273542.html
,,,,,,,,,,https://www.ingredientsnetwork.com/gansu-hualing-yak-dairy-co-ltd-comp281595.html
,,,,,,,,,,https://www.ingredientsnetwork.com/gansu-kinbo-industry-co-ltd-comp282703.html
,,,,,,,,,,https://www.ingredientsnetwork.com/gansu-lifewe-bioengineering-co-ltd-comp481273.html
,,,,,,,,,,https://www.ingredientsnetwork.com/gansu-meheco-import-export-co-ltd-comp312920.html
,,,,,,,,,,https://www.ingredientsnetwork.com/gansu-puhua-stevia-sugar-development-co-ltd-comp296069.html
,,,,,,,,,,https://www.ingredientsnetwork.com/gansu-puluo-biotech-co-ltd-comp268593.html
,,,,,,,,,,https://www.ingredientsnetwork.com/gaotang-lanshan-xinhe-trading-co-ltd-comp305575.html
,,,,,,,,,,https://www.ingredientsnetwork.com/gap-sa-comp307457.html
,,,,,,,,,,https://www.ingredientsnetwork.com/gapmmi-indonesian-food-beverage-association-comp476020.html
,,,,,,,,,,https://www.ingredientsnetwork.com/garon-foods-comp270122.html
,,,,,,,,,,https://www.ingredientsnetwork.com/garumuni-foods-pvt-ltd-comp476461.html
,,,,,,,,,,https://www.ingredientsnetwork.com/garzanti-specialties-and-jyot-psyllium-comp304988.html
,,,,,,,,,,https://www.ingredientsnetwork.com/gastrograph-ai-comp304874.html
,,,,,,,,,,https://www.ingredientsnetwork.com/gat-foods-comp318542.html
,,,,,,,,,,https://www.ingredientsnetwork.com/gaurav-industries-pvt-ltd-comp314064.html
,,,,,,,,,,https://www.ingredientsnetwork.com/gayatri-psyllium-industries-comp282750.html
,,,,,,,,,,https://www.ingredientsnetwork.com/gayyaclasic-products-nig-comp284740.html
,,,,,,,,,,https://www.ingredientsnetwork.com/habib-rice-products-ltd-comp316119.html
,,,,,,,,,,https://www.ingredientsnetwork.com/haco-ltd-comp248781.html
,,,,,,,,,,https://www.ingredientsnetwork.com/hadener-rohstoffe-gmbh-comp318184.html
,,,,,,,,,,https://www.ingredientsnetwork.com/hadsa-health-foods-dietary-supplements-association-comp316302.html
,,,,,,,,,,https://www.ingredientsnetwork.com/haechunma-co-ltd-comp480484.html
,,,,,,,,,,https://www.ingredientsnetwork.com/haerbin-yimei-bioengineering-technology-co-ltd-comp296151.html
,,,,,,,,,,https://www.ingredientsnetwork.com/hagen-nutrition-inc-comp324237.html
,,,,,,,,,,https://www.ingredientsnetwork.com/hainan-enneas-technology-comp477919.html
,,,,,,,,,,https://www.ingredientsnetwork.com/hainan-haiyao-pharmaceutical-co-ltd-comp314969.html
,,,,,,,,,,https://www.ingredientsnetwork.com/hainan-hongye-chemical-co-ltd-comp321977.html
,,,,,,,,,,https://www.ingredientsnetwork.com/hainan-huayan-collagen-technology-co-ltd-comp281600.html
,,,,,,,,,,https://www.ingredientsnetwork.com/hainan-nicepal-industry-co-ltd-comp266937.html
,,,,,,,,,,https://www.ingredientsnetwork.com/hainan-pure-peptide-technology-co-ltd-comp296172.html
,,,,,,,,,,https://www.ingredientsnetwork.com/hainan-semnl-biotechnology-co-ltd-chengmai-branch-comp296152.html
,,,,,,,,,,https://www.ingredientsnetwork.com/hainan-super-biotech-co-limited-comp251164.html
,,,,,,,,,,https://www.ingredientsnetwork.com/hainan-xisha-nuoli-biotechnology-co-ltd-comp280189.html
,,,,,,,,,,https://www.ingredientsnetwork.com/hainan-yiran-biological-engineering-co-ltd-comp280190.html
,,,,,,,,,,https://www.ingredientsnetwork.com/hainan-zhongxin-chemical-co-ltd-comp250296.html
,,,,,,,,,,https://www.ingredientsnetwork.com/hainan-zhongxin-wanguo-chemical-co-ltd-comp314803.html
,,,,,,,,,,https://www.ingredientsnetwork.com/haining-jiheng-health-food-co-ltd-comp324159.html
,,,,,,,,,,https://www.ingredientsnetwork.com/hairburst-ltd-comp325635.html
,,,,,,,,,,https://www.ingredientsnetwork.com/haji-dossa-nutralgum-pvt-ltd-comp248755.html
,,,,,,,,,,https://www.ingredientsnetwork.com/hakiki-donarta-pt-java-biocolloid-comp307645.html
,,,,,,,,,,https://www.ingredientsnetwork.com/halal-certification-comp249995.html
,,,,,,,,,,https://www.ingredientsnetwork.com/halal-correct-certification-comp302773.html
,,,,,,,,,,https://www.ingredientsnetwork.com/halavet-gida-san-ve-tic-a-s-comp248828.html
,,,,,,,,,,https://www.ingredientsnetwork.com/haldin-pacific-semesta-pt-comp254961.html
,,,,,,,,,,https://www.ingredientsnetwork.com/halim-sakti-pratama-pt-comp254962.html
,,,,,,,,,,https://www.ingredientsnetwork.com/halssen-lyon-comp251167.html
,,,,,,,,,,https://www.ingredientsnetwork.com/halyn-biotech-co-ltd-comp480826.html
,,,,,,,,,,https://www.ingredientsnetwork.com/halyn-biotech-co-ltd-comp480865.html
,,,,,,,,,,https://www.ingredientsnetwork.com/halyn-biotech-co-ltd-comp480867.html
,,,,,,,,,,https://www.ingredientsnetwork.com/halyn-biotech-co-ltd-comp480868.html
,,,,,,,,,,https://www.ingredientsnetwork.com/hamada-food-system-co-ltd-comp282170.html
,,,,,,,,,,https://www.ingredientsnetwork.com/hamburg-fructose-gmbh-comp248903.html
,,,,,,,,,,https://www.ingredientsnetwork.com/hamburger-gewurz-muhle-hermann-schulz-comp289234.html
,,,,,,,,,,https://www.ingredientsnetwork.com/hamzaolu-kimya-sanayi-ve-ticaret-a-comp314804.html
,,,,,,,,,,https://www.ingredientsnetwork.com/han-sient-trading-co-ltd-comp314805.html
,,,,,,,,,,https://www.ingredientsnetwork.com/han-traceability-shaanxi-biological-technology-co-comp326346.html
,,,,,,,,,,https://www.ingredientsnetwork.com/hanamaruki-foods-inc-comp268457.html
,,,,,,,,,,https://www.ingredientsnetwork.com/hand-media-limited-comp270688.html
,,,,,,,,,,https://www.ingredientsnetwork.com/handan-green-and-healthy-dehydrated-vegetables-comp306090.html
,,,,,,,,,,https://www.ingredientsnetwork.com/handan-green-farmer-food-import-and-export-trade-comp319785.html
,,,,,,,,,,https://www.ingredientsnetwork.com/handary-comp249005.html
,,,,,,,,,,https://www.ingredientsnetwork.com/handian-nutrition-co-ltd-comp309302.html
,,,,,,,,,,https://www.ingredientsnetwork.com/hando-co-ltd-comp301779.html
,,,,,,,,,,https://www.ingredientsnetwork.com/handok-healthcare-comp477665.html
,,,,,,,,,,https://www.ingredientsnetwork.com/handyware-sg-thailand-co-ltd-comp314023.html
,,,,,,,,,,https://www.ingredientsnetwork.com/haneil-soyatech-pvt-ltd-comp276827.html
,,,,,,,,,,https://www.ingredientsnetwork.com/hanf-farm-gmbh-comp277276.html
,,,,,,,,,,https://www.ingredientsnetwork.com/hangzhou-ahead-technology-co-ltd-comp481912.html
,,,,,,,,,,https://www.ingredientsnetwork.com/hangzhou-ally-food-technology-co-ltd-comp271561.html
,,,,,,,,,,https://www.ingredientsnetwork.com/hangzhou-alpha-technology-co-ltd-comp281601.html
,,,,,,,,,,https://www.ingredientsnetwork.com/hangzhou-bestotes-industry-co-ltd-comp481869.html
,,,,,,,,,,https://www.ingredientsnetwork.com/hangzhou-bioking-biochemical-engineering-comp249345.html
,,,,,,,,,,https://www.ingredientsnetwork.com/hangzhou-boda-biological-tech-co-ltd-comp249629.html
,,,,,,,,,,https://www.ingredientsnetwork.com/hangzhou-fanglu-imp-exp-co-ltd-comp289356.html
,,,,,,,,,,https://www.ingredientsnetwork.com/hangzhou-focus-corporation-comp481731.html
,,,,,,,,,,https://www.ingredientsnetwork.com/hangzhou-gaocheng-biotech-health-co-l-comp475416.html
,,,,,,,,,,https://www.ingredientsnetwork.com/hangzhou-gellan-solutions-biotec-co-ltd-comp316508.html
,,,,,,,,,,https://www.ingredientsnetwork.com/hangzhou-gellan-solutions-biotec-co-ltd-comp316519.html
,,,,,,,,,,https://www.ingredientsnetwork.com/hangzhou-genegrow-biotechnology-co-ltd-comp475417.html
,,,,,,,,,,https://www.ingredientsnetwork.com/hangzhou-greenark-biotechnology-co-ltd-comp308463.html
,,,,,,,,,,https://www.ingredientsnetwork.com/hangzhou-greensky-biological-tech-co-ltd-comp309627.html
,,,,,,,,,,https://www.ingredientsnetwork.com/hangzhou-hanheyuan-health-industry-co-ltd-comp269131.html
,,,,,,,,,,https://www.ingredientsnetwork.com/hangzhou-hefengyuan-health-food-co-ltd-comp481490.html
,,,,,,,,,,https://www.ingredientsnetwork.com/hangzhou-heronsbill-food-technology-co-ltd-comp316100.html
,,,,,,,,,,https://www.ingredientsnetwork.com/hangzhou-jiasen-food-technology-co-ltd-comp319786.html
,,,,,,,,,,https://www.ingredientsnetwork.com/hangzhou-jutao-biochemical-tech-co-ltd-comp250483.html
,,,,,,,,,,https://www.ingredientsnetwork.com/hangzhou-kaixin-technology-co-ltd-comp283123.html
,,,,,,,,,,https://www.ingredientsnetwork.com/hangzhou-kangyuan-food-science-technology-co-ltd-comp251169.html
,,,,,,,,,,https://www.ingredientsnetwork.com/hangzhou-landbridge-trading-co-ltd-comp267928.html
,,,,,,,,,,https://www.ingredientsnetwork.com/hangzhou-levinthal-biotechnology-comp328247.html
,,,,,,,,,,https://www.ingredientsnetwork.com/hangzhou-liangcong-food-tech-co-ltd-comp481848.html
,,,,,,,,,,https://www.ingredientsnetwork.com/hangzhou-lightsyn-technology-co-ltd-comp478519.html
,,,,,,,,,,https://www.ingredientsnetwork.com/hangzhou-lukang-biotech-co-ltd-comp312913.html
,,,,,,,,,,https://www.ingredientsnetwork.com/hangzhou-maoxu-biotech-co-ltd-comp312900.html
,,,,,,,,,,https://www.ingredientsnetwork.com/hangzhou-maysen-flavours-co-ltd-comp481665.html
,,,,,,,,,,https://www.ingredientsnetwork.com/hangzhou-mingbao-bio-tech-co-ltd-comp249938.html
,,,,,,,,,,https://www.ingredientsnetwork.com/hangzhou-muhua-bio-tech-co-ltd-comp312527.html
,,,,,,,,,,https://www.ingredientsnetwork.com/hangzhou-natur-foods-co-ltd-comp481913.html
,,,,,,,,,,https://www.ingredientsnetwork.com/hangzhou-nutrition-biotechnology-co-ltd-comp268268.html
,,,,,,,,,,https://www.ingredientsnetwork.com/hangzhou-ouqi-food-co-ltd-comp316101.html
,,,,,,,,,,https://www.ingredientsnetwork.com/hangzhou-pratique-performance-material-science-co-comp316944.html
,,,,,,,,,,https://www.ingredientsnetwork.com/hangzhou-qianouxue-tea-ltd-comp481645.html
,,,,,,,,,,https://www.ingredientsnetwork.com/hangzhou-qianouxue-tea-ltd-comp481646.html
,,,,,,,,,,https://www.ingredientsnetwork.com/hangzhou-qihuan-biotechnology-co-ltd-comp475945.html
,,,,,,,,,,https://www.ingredientsnetwork.com/hangzhou-reelynn-apiculture-co-ltd-comp328248.html
,,,,,,,,,,https://www.ingredientsnetwork.com/hangzhou-regin-bio-tech-co-ltd-comp475605.html
,,,,,,,,,,https://www.ingredientsnetwork.com/hangzhou-reliable-package-co-ltd-comp326145.html
,,,,,,,,,,https://www.ingredientsnetwork.com/hangzhou-s-evans-biosciences-ltd-comp481491.html
,,,,,,,,,,https://www.ingredientsnetwork.com/hangzhou-senweitai-trading-co-ltd-comp481492.html
,,,,,,,,,,https://www.ingredientsnetwork.com/hangzhou-shande-flavor-co-ltd-comp283124.html
,,,,,,,,,,https://www.ingredientsnetwork.com/hangzhou-skyherb-technologies-co-ltd-comp319787.html
,,,,,,,,,,https://www.ingredientsnetwork.com/hangzhou-soulexpo-co-ltd-comp325002.html
,,,,,,,,,,https://www.ingredientsnetwork.com/hangzhou-source-herb-bio-tech-co-ltd-comp476892.html
,,,,,,,,,,https://www.ingredientsnetwork.com/hangzhou-topservice-exhibition-co-ltd-comp314806.html
,,,,,,,,,,https://www.ingredientsnetwork.com/hangzhou-twin-horse-biotechnology-co-ltd-comp272823.html
,,,,,,,,,,https://www.ingredientsnetwork.com/hangzhou-verychem-science-and-technology-co-ltd-comp475871.html
,,,,,,,,,,https://www.ingredientsnetwork.com/hangzhou-vigo-biotech-co-ltd-comp282504.html
,,,,,,,,,,https://www.ingredientsnetwork.com/hangzhou-vigo-biotech-co-ltd-comp309628.html
,,,,,,,,,,https://www.ingredientsnetwork.com/hangzhou-xinfu-science-technology-co-ltd-comp323284.html
,,,,,,,,,,https://www.ingredientsnetwork.com/hangzhou-yeastar-biotech-c-ltd-comp313993.html
,,,,,,,,,,https://www.ingredientsnetwork.com/hangzhou-yihe-biomedical-technology-co-ltd-comp308345.html
,,,,,,,,,,https://www.ingredientsnetwork.com/hangzhou-yinquan-tea-industry-co-ltd-comp481543.html
,,,,,,,,,,https://www.ingredientsnetwork.com/hangzhou-youither-bioscience-co-ltd-comp242188.html
,,,,,,,,,,https://www.ingredientsnetwork.com/hangzhou-zelin-technology-co-ltd-comp475793.html
,,,,,,,,,,https://www.ingredientsnetwork.com/hangzhou-zelixir-biotech-co-ltd-comp320038.html
,,,,,,,,,,https://www.ingredientsnetwork.com/hangzhou-zhongxin-packaging-products-co-ltd-comp477666.html
,,,,,,,,,,https://www.ingredientsnetwork.com/hankintatukku-oy-comp307469.html
,,,,,,,,,,https://www.ingredientsnetwork.com/hanmi-nutrition-inc-comp326347.html
,,,,,,,,,,https://www.ingredientsnetwork.com/hanns-g-werner-gmbh-co-comp245290.html
,,,,,,,,,,https://www.ingredientsnetwork.com/hanpoong-nature-pharm-co-ltd-comp328611.html
,,,,,,,,,,https://www.ingredientsnetwork.com/hans-kaspar-ag-comp249006.html
,,,,,,,,,,https://www.ingredientsnetwork.com/hansa-specialties-ltd-comp296495.html
,,,,,,,,,,https://www.ingredientsnetwork.com/hanse-labs-ag-comp326745.html
,,,,,,,,,,https://www.ingredientsnetwork.com/hanseler-ag-swiss-pharma-comp312496.html
,,,,,,,,,,https://www.ingredientsnetwork.com/hansford-biotech-co-ltd-comp312860.html
,,,,,,,,,,https://www.ingredientsnetwork.com/hantech-bio-technology-co-ltd-comp481147.html
,,,,,,,,,,https://www.ingredientsnetwork.com/hantin-health-hongkong-co-limited-comp289876.html
,,,,,,,,,,https://www.ingredientsnetwork.com/hanzhong-trg-biotech-co-ltd-comp318990.html
,,,,,,,,,,https://www.ingredientsnetwork.com/haohe-biotechnology-changzhou-co-ltd-comp481420.html
,,,,,,,,,,https://www.ingredientsnetwork.com/haotai-health-jisheng-jilin-biotechnology-co-ltd-comp479263.html
,,,,,,,,,,https://www.ingredientsnetwork.com/happy-ingredients-company-sasu-comp286757.html
,,,,,,,,,,https://www.ingredientsnetwork.com/happy-plant-protein-oy-comp475406.html
,,,,,,,,,,https://www.ingredientsnetwork.com/harapan-kemika-indo-lestari-pt-comp291387.html
,,,,,,,,,,https://www.ingredientsnetwork.com/harbin-essence-biological-technology-company-comp296113.html
,,,,,,,,,,https://www.ingredientsnetwork.com/harbin-hada-starch-co-ltd-comp270686.html
,,,,,,,,,,https://www.ingredientsnetwork.com/harbin-hit-zhongao-biological-engineering-co-ltd-comp250276.html
,,,,,,,,,,https://www.ingredientsnetwork.com/harbin-medicine-group-heilongjiang-tongt-comp277358.html
,,,,,,,,,,https://www.ingredientsnetwork.com/harboe-ingredients-comp249007.html
,,,,,,,,,,https://www.ingredientsnetwork.com/hariom-biofood-products-i-pvt-ltd-comp282751.html
,,,,,,,,,,https://www.ingredientsnetwork.com/harish-c-khosla-co-comp271890.html
,,,,,,,,,,https://www.ingredientsnetwork.com/harke-food-comp249008.html
,,,,,,,,,,https://www.ingredientsnetwork.com/harke-nutra-comp319308.html
,,,,,,,,,,https://www.ingredientsnetwork.com/harke-pharma-gmbh-comp475418.html
,,,,,,,,,,https://www.ingredientsnetwork.com/harman-finochem-ltd-comp307470.html
,,,,,,,,,,https://www.ingredientsnetwork.com/harmless-harvest-thailand-ltd-comp315831.html
,,,,,,,,,,https://www.ingredientsnetwork.com/harms-food-gmbh-comp249009.html
,,,,,,,,,,https://www.ingredientsnetwork.com/harraz-for-food-industry-natural-produ-comp268010.html
,,,,,,,,,,https://www.ingredientsnetwork.com/harries-schalmuhlenwerk-gmbh-co-kg-comp270561.html
,,,,,,,,,,https://www.ingredientsnetwork.com/harter-gmbh-comp324530.html
,,,,,,,,,,https://www.ingredientsnetwork.com/hausmann-aromatic-comp324238.html
,,,,,,,,,,https://www.ingredientsnetwork.com/havamad-comp324589.html
,,,,,,,,,,https://www.ingredientsnetwork.com/havdryss-comp476325.html
,,,,,,,,,,https://www.ingredientsnetwork.com/havea-group-comp317491.html
,,,,,,,,,,https://www.ingredientsnetwork.com/havero-hoogwegt-meelunie-comp249014.html
,,,,,,,,,,https://www.ingredientsnetwork.com/hayat-cosmo-industry-plc-comp269374.html
,,,,,,,,,,https://www.ingredientsnetwork.com/hazelnut-growers-of-oregon-comp479914.html
,,,,,,,,,,https://www.ingredientsnetwork.com/hazelnut-marketing-board-comp319259.html
,,,,,,,,,,https://www.ingredientsnetwork.com/heterochem-comp475810.html
,,,,,,,,,,https://www.ingredientsnetwork.com/iannino-s-r-l-comp309786.html
,,,,,,,,,,https://www.ingredientsnetwork.com/iar-the-french-bioeconomy-cluster-comp251029.html
,,,,,,,,,,https://www.ingredientsnetwork.com/jacarandas-sarl-comp324590.html
,,,,,,,,,,https://www.ingredientsnetwork.com/jacarandas-spices-ingredients-comp481241.html
,,,,,,,,,,https://www.ingredientsnetwork.com/jacobs-douwe-egberts-rtl-scc-sg-pte-ltd-comp281720.html
,,,,,,,,,,https://www.ingredientsnetwork.com/jacobs-douwe-egberts-rtl-scc-sg-pte-ltd-comp306092.html
,,,,,,,,,,https://www.ingredientsnetwork.com/jai-bharat-gums-chemicals-ltd-comp323863.html
,,,,,,,,,,https://www.ingredientsnetwork.com/jai-bharat-polymers-llp-comp314377.html
,,,,,,,,,,https://www.ingredientsnetwork.com/jai-ingredients-pvt-ltd-comp272256.html
,,,,,,,,,,https://www.ingredientsnetwork.com/jai-ingredients-pvt-ltd-comp290610.html
,,,,,,,,,,https://www.ingredientsnetwork.com/jain-farm-fresh-foods-ltd-comp249059.html
,,,,,,,,,,https://www.ingredientsnetwork.com/jaindi-export-pvt-ltd-comp481917.html
,,,,,,,,,,https://www.ingredientsnetwork.com/jairamdass-khushiram-impex-pvt-ltd-comp314487.html
,,,,,,,,,,https://www.ingredientsnetwork.com/jantex-foodservice-group-sp-z-o-o-comp475958.html
,,,,,,,,,,https://www.ingredientsnetwork.com/jap-impex-comp312905.html
,,,,,,,,,,https://www.ingredientsnetwork.com/japan-bio-science-laboratory-co-ltd-comp249720.html
,,,,,,,,,,https://www.ingredientsnetwork.com/japan-food-research-laboratories-jfrl-comp320109.html
,,,,,,,,,,https://www.ingredientsnetwork.com/japan-microalgae-exporting-council-comp328613.html
,,,,,,,,,,https://www.ingredientsnetwork.com/japan-pharma-co-ltd-comp326353.html
,,,,,,,,,,https://www.ingredientsnetwork.com/japan-tea-export-council-comp269380.html
,,,,,,,,,,https://www.ingredientsnetwork.com/jar-flavour-house-comp481608.html
,,,,,,,,,,https://www.ingredientsnetwork.com/javagri-comp301997.html
,,,,,,,,,,https://www.ingredientsnetwork.com/jay-bherunath-krupa-cleaning-comp475306.html
,,,,,,,,,,https://www.ingredientsnetwork.com/jay-chem-marketing-comp305871.html
,,,,,,,,,,https://www.ingredientsnetwork.com/jayanti-comp249064.html
,,,,,,,,,,https://www.ingredientsnetwork.com/jays-enterprises-inc-comp327179.html
,,,,,,,,,,https://www.ingredientsnetwork.com/jayu-health-technology-zhejiang-co-ltd-comp481497.html
,,,,,,,,,,https://www.ingredientsnetwork.com/kaapa-biotech-comp475431.html
,,,,,,,,,,https://www.ingredientsnetwork.com/kabulinco-jaya-pt-comp254989.html
,,,,,,,,,,https://www.ingredientsnetwork.com/kadi-bio-export-sarl-comp481279.html
,,,,,,,,,,https://www.ingredientsnetwork.com/kadoya-sesame-mills-inc-comp326193.html
,,,,,,,,,,https://www.ingredientsnetwork.com/kaffe-bueno-aps-comp308009.html
,,,,,,,,,,https://www.ingredientsnetwork.com/kag-industries-comp320921.html
,,,,,,,,,,https://www.ingredientsnetwork.com/kahkow-comp327180.html
,,,,,,,,,,https://www.ingredientsnetwork.com/kaifeng-mayda-foodstuffs-co-ltd-comp270093.html
,,,,,,,,,,https://www.ingredientsnetwork.com/kaifeng-mingren-pharmaceutical-co-ltd-comp475774.html
,,,,,,,,,,https://www.ingredientsnetwork.com/kaiming-agro-processing-ltd-comp317841.html
,,,,,,,,,,https://www.ingredientsnetwork.com/kaiping-healthwise-health-food-co-ltd-comp272798.html
,,,,,,,,,,https://www.ingredientsnetwork.com/kaiyuan-hengtai-nutrition-co-ltd-comp277228.html
,,,,,,,,,,https://www.ingredientsnetwork.com/kaize-group-limited-comp273237.html
,,,,,,,,,,https://www.ingredientsnetwork.com/kalbe-international-pte-ltd-comp319833.html
,,,,,,,,,,https://www.ingredientsnetwork.com/kalizea-sas-comp249898.html
,,,,,,,,,,https://www.ingredientsnetwork.com/kall-ingredients-kft-comp267971.html
,,,,,,,,,,https://www.ingredientsnetwork.com/kallbergs-industri-ab-comp268021.html
,,,,,,,,,,https://www.ingredientsnetwork.com/kalpesh-corporation-comp323865.html
,,,,,,,,,,https://www.ingredientsnetwork.com/kalsec-asia-pacific-pte-ltd-comp282180.html
,,,,,,,,,,https://www.ingredientsnetwork.com/kalsec-europe-ltd-comp248682.html
,,,,,,,,,,https://www.ingredientsnetwork.com/kalyotis-comp326155.html
,,,,,,,,,,https://www.ingredientsnetwork.com/kamdhenu-agri-industries-comp306653.html
,,,,,,,,,,https://www.ingredientsnetwork.com/kamdhenu-foods-limited-comp323894.html
,,,,,,,,,,https://www.ingredientsnetwork.com/kanaiya-exports-kontakt-vn-comp476331.html
,,,,,,,,,,https://www.ingredientsnetwork.com/kanaiya-exports-pvt-ltd-comp312906.html
,,,,,,,,,,https://www.ingredientsnetwork.com/kanbo-biomedical-co-ltd-comp269157.html
,,,,,,,,,,https://www.ingredientsnetwork.com/kanbo-international-us-inc-comp251218.html
,,,,,,,,,,https://www.ingredientsnetwork.com/kandetiya-agro-products-pvt-ltd-comp285220.html
,,,,,,,,,,https://www.ingredientsnetwork.com/kandy-comp323866.html
,,,,,,,,,,https://www.ingredientsnetwork.com/kanegrade-ltd-comp250033.html
,,,,,,,,,,https://www.ingredientsnetwork.com/kanehide-bio-co-ltd-comp250499.html
,,,,,,,,,,https://www.ingredientsnetwork.com/kanehide-holstein-comp307780.html
,,,,,,,,,,https://www.ingredientsnetwork.com/kaneka-corporation-comp314822.html
,,,,,,,,,,https://www.ingredientsnetwork.com/kaneka-medical-europe-n-v-comp307490.html
,,,,,,,,,,https://www.ingredientsnetwork.com/kanematsu-chemicals-corporation-comp314030.html
,,,,,,,,,,https://www.ingredientsnetwork.com/kanematsu-corportation-comp285177.html
,,,,,,,,,,https://www.ingredientsnetwork.com/kangcare-bioindustry-co-ltd-comp296013.html
,,,,,,,,,,https://www.ingredientsnetwork.com/kaoka-comp314360.html
,,,,,,,,,,https://www.ingredientsnetwork.com/kap-xiamen-biotech-co-ltd-comp320017.html
,,,,,,,,,,https://www.ingredientsnetwork.com/kapitan-shanghai-trade-co-ltd-comp296150.html
,,,,,,,,,,https://www.ingredientsnetwork.com/kappa-bioscience-europe-gmbh-comp289514.html
,,,,,,,,,,https://www.ingredientsnetwork.com/kappa-carrageenan-nusantara-pt-comp249663.html
,,,,,,,,,,https://www.ingredientsnetwork.com/kaprina-d-o-o-comp279251.html
,,,,,,,,,,https://www.ingredientsnetwork.com/kapsera-comp478523.html
,,,,,,,,,,https://www.ingredientsnetwork.com/karagen-indonesia-comp256174.html
,,,,,,,,,,https://www.ingredientsnetwork.com/karallief-comp290448.html
,,,,,,,,,,https://www.ingredientsnetwork.com/karashiya-shiro-co-ltd-comp314725.html
,,,,,,,,,,https://www.ingredientsnetwork.com/kareks-import-export-trading-co-ltd-comp313362.html
,,,,,,,,,,https://www.ingredientsnetwork.com/kares-up-comp312987.html
,,,,,,,,,,https://www.ingredientsnetwork.com/karimex-comp267942.html
,,,,,,,,,,https://www.ingredientsnetwork.com/karl-bindewald-gmbh-comp284889.html
,,,,,,,,,,https://www.ingredientsnetwork.com/karliz-ltd-carlos-bugs-insect-food-products-comp312797.html
,,,,,,,,,,https://www.ingredientsnetwork.com/karmel-s-c-comp479664.html
,,,,,,,,,,https://www.ingredientsnetwork.com/karnataka-aromas-comp305031.html
,,,,,,,,,,https://www.ingredientsnetwork.com/karomas-aromatics-comp323154.html
,,,,,,,,,,https://www.ingredientsnetwork.com/karsai-alba-kft-comp479035.html
,,,,,,,,,,https://www.ingredientsnetwork.com/karta-international-sdn-bhd-comp286762.html
,,,,,,,,,,https://www.ingredientsnetwork.com/karya-aroma-sejahtera-pt-comp291392.html
,,,,,,,,,,https://www.ingredientsnetwork.com/karya-insaat-tarim-san-tic-a-s-comp301503.html
,,,,,,,,,,https://www.ingredientsnetwork.com/kasi-food-b-v-comp279252.html
,,,,,,,,,,https://www.ingredientsnetwork.com/kaskein-marja-oy-comp251221.html
,,,,,,,,,,https://www.ingredientsnetwork.com/kastus-vanilla-uganda-comp476644.html
,,,,,,,,,,https://www.ingredientsnetwork.com/kasyap-sweetners-limited-comp251222.html
,,,,,,,,,,https://www.ingredientsnetwork.com/katapult-studios-comp290370.html
,,,,,,,,,,https://www.ingredientsnetwork.com/katoen-natie-j-tec-material-handling-comp326194.html
,,,,,,,,,,https://www.ingredientsnetwork.com/katra-phytochem-india-pvt-ltd-comp269076.html
,,,,,,,,,,https://www.ingredientsnetwork.com/kauno-grudai-comp304989.html
,,,,,,,,,,https://www.ingredientsnetwork.com/kavalife-pvt-ltd-comp322047.html
,,,,,,,,,,https://www.ingredientsnetwork.com/kawman-exact-ingredients-pvt-ltd-comp477971.html
,,,,,,,,,,https://www.ingredientsnetwork.com/kazeina-polska-sp-z-o-o-comp272343.html
,,,,,,,,,,https://www.ingredientsnetwork.com/kazuo-beiyin-paper-and-plastic-packing-co-ltd-comp314973.html
,,,,,,,,,,https://www.ingredientsnetwork.com/l-atelier-vanille-comp284362.html
,,,,,,,,,,https://www.ingredientsnetwork.com/la-coffolaterie-sa-comp323868.html
,,,,,,,,,,https://www.ingredientsnetwork.com/la-famille-boutrais-comp283162.html
,,,,,,,,,,https://www.ingredientsnetwork.com/la-giulia-s-r-l-comp476312.html
,,,,,,,,,,https://www.ingredientsnetwork.com/la-grama-comp304215.html
,,,,,,,,,,https://www.ingredientsnetwork.com/la-huerta-de-la-vera-comp477143.html
,,,,,,,,,,https://www.ingredientsnetwork.com/la-margarita-food-services-comp323608.html
,,,,,,,,,,https://www.ingredientsnetwork.com/la-nogalera-usa-inc-comp309015.html
,,,,,,,,,,https://www.ingredientsnetwork.com/la-sanfermese-s-p-a-comp279257.html
,,,,,,,,,,https://www.ingredientsnetwork.com/la-sibila-s-a-comp476380.html
,,,,,,,,,,https://www.ingredientsnetwork.com/la-tourangelle-s-a-s-comp267901.html
,,,,,,,,,,https://www.ingredientsnetwork.com/lab-lab-ltd-comp285179.html
,,,,,,,,,,https://www.ingredientsnetwork.com/labanalysis-life-science-comp324261.html
,,,,,,,,,,https://www.ingredientsnetwork.com/labelisten-comp317458.html
,,,,,,,,,,https://www.ingredientsnetwork.com/labelprofi-d-o-o-comp482094.html
,,,,,,,,,,https://www.ingredientsnetwork.com/labialfarma-comp323078.html
,,,,,,,,,,https://www.ingredientsnetwork.com/labinderb-comp324262.html
,,,,,,,,,,https://www.ingredientsnetwork.com/labiotre-srl-comp475433.html
,,,,,,,,,,https://www.ingredientsnetwork.com/labo-smeets-nv-comp308395.html
,,,,,,,,,,https://www.ingredientsnetwork.com/labomar-group-comp307499.html
,,,,,,,,,,https://www.ingredientsnetwork.com/labonathus-comp249413.html
,,,,,,,,,,https://www.ingredientsnetwork.com/labophyto-comp326245.html
,,,,,,,,,,https://www.ingredientsnetwork.com/laboratoire-ccd-comp312827.html
,,,,,,,,,,https://www.ingredientsnetwork.com/laboratoire-dielen-comp312888.html
,,,,,,,,,,https://www.ingredientsnetwork.com/laboratoire-floralpina-comp319892.html
,,,,,,,,,,https://www.ingredientsnetwork.com/laboratoire-herbateach-comp307501.html
,,,,,,,,,,https://www.ingredientsnetwork.com/laboratoire-nf2s-comp307500.html
,,,,,,,,,,https://www.ingredientsnetwork.com/laboratoire-pyc-comp319893.html
,,,,,,,,,,https://www.ingredientsnetwork.com/laboratoires-activa-comp314826.html
,,,,,,,,,,https://www.ingredientsnetwork.com/laboratoires-clemascience-comp307502.html
,,,,,,,,,,https://www.ingredientsnetwork.com/laboratoires-diephez-comp312828.html
,,,,,,,,,,https://www.ingredientsnetwork.com/laboratoires-expanscience-comp326238.html
,,,,,,,,,,https://www.ingredientsnetwork.com/laboratoires-grand-fontaine-comp478525.html
,,,,,,,,,,https://www.ingredientsnetwork.com/laboratoires-industriels-g-pichot-comp326246.html
,,,,,,,,,,https://www.ingredientsnetwork.com/laboratoires-lebeau-comp475245.html
,,,,,,,,,,https://www.ingredientsnetwork.com/laboratoires-novapharm-comp312835.html
,,,,,,,,,,https://www.ingredientsnetwork.com/laboratoires-paris-elysees-comp277203.html
,,,,,,,,,,https://www.ingredientsnetwork.com/laboratoires-pasquier-comp319894.html
,,,,,,,,,,https://www.ingredientsnetwork.com/laboratoires-phyco-biotech-comp319637.html
,,,,,,,,,,https://www.ingredientsnetwork.com/laboratoires-quinton-international-comp312894.html
,,,,,,,,,,https://www.ingredientsnetwork.com/laboratoires-sethic-innovations-comp326357.html
,,,,,,,,,,https://www.ingredientsnetwork.com/laboratori-biokyma-s-r-l-comp319895.html
,,,,,,,,,,https://www.ingredientsnetwork.com/laboratoria-natury-sp-z-o-o-comp312501.html
,,,,,,,,,,https://www.ingredientsnetwork.com/laboratories-gran-fontaine-comp323164.html
,,,,,,,,,,https://www.ingredientsnetwork.com/laboratorio-algas-marinas-s-a-c-comp282696.html
,,,,,,,,,,https://www.ingredientsnetwork.com/laboratorio-bio-dis-comp478526.html
,,,,,,,,,,https://www.ingredientsnetwork.com/laboratorios-amerex-comp294149.html
,,,,,,,,,,https://www.ingredientsnetwork.com/laboratorios-anur-s-l-u-comp309268.html
,,,,,,,,,,https://www.ingredientsnetwork.com/laboratorios-morales-soler-sl-comp326247.html
,,,,,,,,,,https://www.ingredientsnetwork.com/laboratorios-viaaaaaaaaas-sa-comp312895.html
,,,,,,,,,,https://www.ingredientsnetwork.com/laboratorios-virens-comp312896.html
,,,,,,,,,,https://www.ingredientsnetwork.com/laboratorios-ynsadiet-comp478527.html
,,,,,,,,,,https://www.ingredientsnetwork.com/laboratrio-colaborativo-para-o-desenvol-comp319449.html
,,,,,,,,,,https://www.ingredientsnetwork.com/laca-oga-sia-comp312798.html
,,,,,,,,,,https://www.ingredientsnetwork.com/lacnea-a-s-comp272341.html
,,,,,,,,,,https://www.ingredientsnetwork.com/lactalis-b-c-comp476332.html
,,,,,,,,,,https://www.ingredientsnetwork.com/lactalis-ingredients-comp249103.html
,,,,,,,,,,https://www.ingredientsnetwork.com/lactalis-nutrition-sante-comp312829.html
,,,,,,,,,,https://www.ingredientsnetwork.com/lacterra-gmbh-comp482095.html
,,,,,,,,,,https://www.ingredientsnetwork.com/lactobio-a-s-comp307503.html
,,,,,,,,,,https://www.ingredientsnetwork.com/lactogal-produtos-alimentares-sa-comp396006.html
,,,,,,,,,,https://www.ingredientsnetwork.com/lactoland-trockenmilchwerk-gmbh-comp251233.html
,,,,,,,,,,https://www.ingredientsnetwork.com/lactomason-co-ltd-comp277308.html
,,,,,,,,,,https://www.ingredientsnetwork.com/lactonova-nutripharm-pvt-ltd-comp480882.html
,,,,,,,,,,https://www.ingredientsnetwork.com/lactonova-nutripharm-pvt-ltd-comp480895.html
,,,,,,,,,,https://www.ingredientsnetwork.com/lactonova-nutripharm-pvt-ltd-comp480897.html
,,,,,,,,,,https://www.ingredientsnetwork.com/lactopia-gmbh-comp272801.html
,,,,,,,,,,https://www.ingredientsnetwork.com/lactoprot-comp249662.html
,,,,,,,,,,https://www.ingredientsnetwork.com/lactosan-a-s-comp249086.html
,,,,,,,,,,https://www.ingredientsnetwork.com/ladmok-company-limited-comp284743.html
,,,,,,,,,,https://www.ingredientsnetwork.com/laerbium-pharma-srl-comp312881.html
,,,,,,,,,,https://www.ingredientsnetwork.com/laila-nutra-private-limited-comp476657.html
,,,,,,,,,,https://www.ingredientsnetwork.com/laita-nutrition-comp313300.html
,,,,,,,,,,https://www.ingredientsnetwork.com/laita-nutrition-comp326237.html
,,,,,,,,,,https://www.ingredientsnetwork.com/laiwu-manhing-vegetables-fruits-corporation-comp270693.html
,,,,,,,,,,https://www.ingredientsnetwork.com/laiwu-taihe-biochemistry-co-ltd-comp249765.html
,,,,,,,,,,https://www.ingredientsnetwork.com/laizhou-longpeng-chemical-co-ltd-comp296036.html
,,,,,,,,,,https://www.ingredientsnetwork.com/lakeland-dairies-comp308088.html
,,,,,,,,,,https://www.ingredientsnetwork.com/lallemand-bio-ingredients-comp264757.html
,,,,,,,,,,https://www.ingredientsnetwork.com/lallemand-health-solutions-comp307504.html
,,,,,,,,,,https://www.ingredientsnetwork.com/lalsai-dehy-foods-comp306029.html
,,,,,,,,,,https://www.ingredientsnetwork.com/lalsai-global-limited-comp251235.html
,,,,,,,,,,https://www.ingredientsnetwork.com/lalsai-global-ltd-comp476082.html
,,,,,,,,,,https://www.ingredientsnetwork.com/laly-bakery-group-comp475313.html
,,,,,,,,,,https://www.ingredientsnetwork.com/lamaria-honey-comp324533.html
,,,,,,,,,,https://www.ingredientsnetwork.com/lambda-biologics-gmbh-comp323165.html
,,,,,,,,,,https://www.ingredientsnetwork.com/lambo-laboratories-comp307505.html
,,,,,,,,,,https://www.ingredientsnetwork.com/lameri-s-p-a-comp267889.html
,,,,,,,,,,https://www.ingredientsnetwork.com/landoil-chemical-group-co-ltd-comp481668.html
,,,,,,,,,,https://www.ingredientsnetwork.com/landschaft-food-products-llp-comp475695.html
,,,,,,,,,,https://www.ingredientsnetwork.com/langfang-bexin-chemical-co-ltd-comp269332.html
,,,,,,,,,,https://www.ingredientsnetwork.com/langgeng-laris-cemerlang-pt-comp477281.html
,,,,,,,,,,https://www.ingredientsnetwork.com/lanna-products-company-limited-comp475297.html
,,,,,,,,,,https://www.ingredientsnetwork.com/lantmannen-biorefineries-comp279258.html
,,,,,,,,,,https://www.ingredientsnetwork.com/lantmannen-biorefineries-comp475434.html
,,,,,,,,,,https://www.ingredientsnetwork.com/lanxess-thai-co-ltd-comp281625.html
,,,,,,,,,,https://www.ingredientsnetwork.com/lao-integrated-farms-inc-comp324180.html
,,,,,,,,,,https://www.ingredientsnetwork.com/lapi-gelatine-comp307506.html
,,,,,,,,,,https://www.ingredientsnetwork.com/lapi-gelatine-spa-comp249109.html
,,,,,,,,,,https://www.ingredientsnetwork.com/large-lucas-comp318814.html
,,,,,,,,,,https://www.ingredientsnetwork.com/large-lucas-comp318815.html
,,,,,,,,,,https://www.ingredientsnetwork.com/large-lucas-comp318816.html
,,,,,,,,,,https://www.ingredientsnetwork.com/larn-srl-comp307507.html
,,,,,,,,,,https://www.ingredientsnetwork.com/larvida-pharmaceuticals-comp269152.html
,,,,,,,,,,https://www.ingredientsnetwork.com/lasenor-brasil-comp282558.html
,,,,,,,,,,https://www.ingredientsnetwork.com/lasenor-comp248793.html
,,,,,,,,,,https://www.ingredientsnetwork.com/lasenor-india-pvt-ltd-comp269081.html
,,,,,,,,,,https://www.ingredientsnetwork.com/lasons-india-pvt-ltd-comp321478.html
,,,,,,,,,,https://www.ingredientsnetwork.com/lasu-duona-comp481816.html
,,,,,,,,,,https://www.ingredientsnetwork.com/latvian-dairy-committee-comp317843.html
,,,,,,,,,,https://www.ingredientsnetwork.com/laumont-truffles-slu-comp306942.html
,,,,,,,,,,https://www.ingredientsnetwork.com/laurus-labs-ltd-comp273585.html
,,,,,,,,,,https://www.ingredientsnetwork.com/laus-servicios-y-maquinaria-sl-comp324263.html
,,,,,,,,,,https://www.ingredientsnetwork.com/lauta-carrageenans-comp270545.html
,,,,,,,,,,https://www.ingredientsnetwork.com/lautan-luas-tbk-pt-comp477282.html
,,,,,,,,,,https://www.ingredientsnetwork.com/lautan-natural-krimerindo-pt-comp250039.html
,,,,,,,,,,https://www.ingredientsnetwork.com/lavarian-aromindo-pratama-pt-comp477283.html
,,,,,,,,,,https://www.ingredientsnetwork.com/lavitella-comp475952.html
,,,,,,,,,,https://www.ingredientsnetwork.com/lawnia-extracts-pvt-ltd-comp480776.html
,,,,,,,,,,https://www.ingredientsnetwork.com/lawsim-zecha-pt-comp254985.html
,,,,,,,,,,https://www.ingredientsnetwork.com/laxmi-enterprises-comp315839.html
,,,,,,,,,,https://www.ingredientsnetwork.com/laxmi-industrial-corporation-comp315810.html
,,,,,,,,,,https://www.ingredientsnetwork.com/lay-gewurze-gmbh-comp267862.html
,,,,,,,,,,https://www.ingredientsnetwork.com/layn-usa-comp271789.html
,,,,,,,,,,https://www.ingredientsnetwork.com/lazy-trendy-sdn-bhd-comp308364.html
,,,,,,,,,,https://www.ingredientsnetwork.com/maahir-foods-comp268031.html
,,,,,,,,,,https://www.ingredientsnetwork.com/maak-natural-extracts-pvt-ltd-comp306648.html
,,,,,,,,,,https://www.ingredientsnetwork.com/maash-s-a-comp319337.html
,,,,,,,,,,https://www.ingredientsnetwork.com/mabitec-gmbh-comp477030.html
,,,,,,,,,,https://www.ingredientsnetwork.com/macco-organiques-inc-comp284566.html
,,,,,,,,,,https://www.ingredientsnetwork.com/macco-organiques-s-r-o-comp248832.html
,,,,,,,,,,https://www.ingredientsnetwork.com/machindotama-abadi-pt-comp479773.html
,,,,,,,,,,https://www.ingredientsnetwork.com/mackessen-chemical-pte-ltd-comp289722.html
,,,,,,,,,,https://www.ingredientsnetwork.com/mackessen-chemical-pte-ltd-comp291393.html
,,,,,,,,,,https://www.ingredientsnetwork.com/mackessen-indonesia-pt-comp272323.html
,,,,,,,,,,https://www.ingredientsnetwork.com/mackessen-indonesia-pt-comp319487.html
,,,,,,,,,,https://www.ingredientsnetwork.com/madagascar-s-vanilla-export-comp291335.html
,,,,,,,,,,https://www.ingredientsnetwork.com/madagascar-truly-authentics-comp323616.html
,,,,,,,,,,https://www.ingredientsnetwork.com/madagascar-vanileco-sarl-comp317391.html
,,,,,,,,,,https://www.ingredientsnetwork.com/made-group-comp482097.html
,,,,,,,,,,https://www.ingredientsnetwork.com/maes-honey-company-comp477926.html
,,,,,,,,,,https://www.ingredientsnetwork.com/mafco-worldwide-corp-comp248796.html
,,,,,,,,,,https://www.ingredientsnetwork.com/magellan-food-ingredients-bv-comp324630.html
,,,,,,,,,,https://www.ingredientsnetwork.com/magellan-life-sciences-comp277719.html
,,,,,,,,,,https://www.ingredientsnetwork.com/magic-flairs-comp314070.html
,,,,,,,,,,https://www.ingredientsnetwork.com/magie-creations-comp324031.html
,,,,,,,,,,https://www.ingredientsnetwork.com/magnesia-gmbh-comp307512.html
,,,,,,,,,,https://www.ingredientsnetwork.com/magtein-comp319339.html
,,,,,,,,,,https://www.ingredientsnetwork.com/maha-chemicals-asia-pte-ltd-comp323021.html
,,,,,,,,,,https://www.ingredientsnetwork.com/maha-kimia-indonesia-pt-comp477284.html
,,,,,,,,,,https://www.ingredientsnetwork.com/maharaja-dehydration-pvt-ltd-comp251662.html
,,,,,,,,,,https://www.ingredientsnetwork.com/maheder-food-processing-comp316664.html
,,,,,,,,,,https://www.ingredientsnetwork.com/mahenintsoa-export-comp476382.html
,,,,,,,,,,https://www.ingredientsnetwork.com/mahidol-university-international-college-comp315881.html
,,,,,,,,,,https://www.ingredientsnetwork.com/maikal-green-foods-pvt-ltd-comp481698.html
,,,,,,,,,,https://www.ingredientsnetwork.com/mainfrucht-gmbh-co-kg-comp249088.html
,,,,,,,,,,https://www.ingredientsnetwork.com/maison-pharmtec-comp477983.html
,,,,,,,,,,https://www.ingredientsnetwork.com/mak-food-company-s-l-comp314542.html
,,,,,,,,,,https://www.ingredientsnetwork.com/makks-dehydrators-pvt-ltd-comp323594.html
,,,,,,,,,,https://www.ingredientsnetwork.com/makmur-pangan-kharisma-pt-comp273549.html
,,,,,,,,,,https://www.ingredientsnetwork.com/malaysian-cocoa-board-mcb-comp301505.html
,,,,,,,,,,https://www.ingredientsnetwork.com/malaysian-palm-oil-council-comp301506.html
,,,,,,,,,,https://www.ingredientsnetwork.com/malaysian-palm-oil-council-comp328089.html
,,,,,,,,,,https://www.ingredientsnetwork.com/malaysian-rubber-council-comp317662.html
,,,,,,,,,,https://www.ingredientsnetwork.com/malee-applied-sciences-co-ltd-comp481312.html
,,,,,,,,,,https://www.ingredientsnetwork.com/malik-seasoning-spices-p-ltd-comp272255.html
,,,,,,,,,,https://www.ingredientsnetwork.com/malkara-birlik-sut-ve-sut-mamulleri-a-s-comp250508.html
,,,,,,,,,,https://www.ingredientsnetwork.com/maltby-s-a-comp320922.html
,,,,,,,,,,https://www.ingredientsnetwork.com/manchiee-de-coco-products-comp285221.html
,,,,,,,,,,https://www.ingredientsnetwork.com/mane-do-brasil-comp266962.html
,,,,,,,,,,https://www.ingredientsnetwork.com/mane-kancor-comp249084.html
,,,,,,,,,,https://www.ingredientsnetwork.com/mane-kancor-ingredients-comp481577.html
,,,,,,,,,,https://www.ingredientsnetwork.com/mangalmurti-psyllium-industries-comp480768.html
,,,,,,,,,,https://www.ingredientsnetwork.com/manghebati-comp480886.html
,,,,,,,,,,https://www.ingredientsnetwork.com/manghebati-comp480905.html
,,,,,,,,,,https://www.ingredientsnetwork.com/manghebati-comp480907.html
,,,,,,,,,,https://www.ingredientsnetwork.com/manghebati-comp480908.html
,,,,,,,,,,https://www.ingredientsnetwork.com/manibhadra-food-products-comp305872.html
,,,,,,,,,,https://www.ingredientsnetwork.com/manidhari-gums-and-chemicals-comp323870.html
,,,,,,,,,,https://www.ingredientsnetwork.com/manipal-natural-pvt-ltd-comp309768.html
,,,,,,,,,,https://www.ingredientsnetwork.com/manish-mangla-flavours-pvt-ltd-comp271889.html
,,,,,,,,,,https://www.ingredientsnetwork.com/manolet-almonds-comp308089.html
,,,,,,,,,,https://www.ingredientsnetwork.com/manorama-industries-ltd-comp253032.html
,,,,,,,,,,https://www.ingredientsnetwork.com/mansi-foods-comp317663.html
,,,,,,,,,,https://www.ingredientsnetwork.com/manstrose-haeuser-co-inc-comp305749.html
,,,,,,,,,,https://www.ingredientsnetwork.com/mantra-industries-comp475263.html
,,,,,,,,,,https://www.ingredientsnetwork.com/mantrapharm-comp326359.html
,,,,,,,,,,https://www.ingredientsnetwork.com/mantrose-group-comp249643.html
,,,,,,,,,,https://www.ingredientsnetwork.com/mantrose-haeuser-co-inc-comp256175.html
,,,,,,,,,,https://www.ingredientsnetwork.com/manuchar-comp318797.html
,,,,,,,,,,https://www.ingredientsnetwork.com/manufacturas-serviplast-s-a-comp319630.html
,,,,,,,,,,https://www.ingredientsnetwork.com/manuka-health-nz-limited-comp273172.html
,,,,,,,,,,https://www.ingredientsnetwork.com/manus-bio-inc-comp322923.html
,,,,,,,,,,https://www.ingredientsnetwork.com/maolac-comp477984.html
,,,,,,,,,,https://www.ingredientsnetwork.com/mar-farma-s-r-l-comp482098.html
,,,,,,,,,,https://www.ingredientsnetwork.com/mara-renewables-corporation-comp277501.html
,,,,,,,,,,https://www.ingredientsnetwork.com/maras-gold-comp323871.html
,,,,,,,,,,https://www.ingredientsnetwork.com/marblemat-s-r-o-comp326416.html
,,,,,,,,,,https://www.ingredientsnetwork.com/marceval-crunchy-nuts-comp282073.html
,,,,,,,,,,https://www.ingredientsnetwork.com/marchesini-group-comp317500.html
,,,,,,,,,,https://www.ingredientsnetwork.com/marenostrumtech-sl-comp328049.html
,,,,,,,,,,https://www.ingredientsnetwork.com/marga-dwi-kencana-pt-comp272324.html
,,,,,,,,,,https://www.ingredientsnetwork.com/mariani-packing-co-inc-comp268463.html
,,,,,,,,,,https://www.ingredientsnetwork.com/marigot-ltd-comp248761.html
,,,,,,,,,,https://www.ingredientsnetwork.com/marin-basim-ve-ambalaj-comp309362.html
,,,,,,,,,,https://www.ingredientsnetwork.com/marine-hydrocolloids-comp250678.html
,,,,,,,,,,https://www.ingredientsnetwork.com/mariner-group-co-ltd-comp475673.html
,,,,,,,,,,https://www.ingredientsnetwork.com/marinova-pty-ltd-comp307513.html
,,,,,,,,,,https://www.ingredientsnetwork.com/maripryce-groups-limited-comp319450.html
,,,,,,,,,,https://www.ingredientsnetwork.com/mark-s-food-solutions-sdn-bhd-comp326180.html
,,,,,,,,,,https://www.ingredientsnetwork.com/markaindo-selaras-pt-comp254987.html
,,,,,,,,,,https://www.ingredientsnetwork.com/marnys-martinez-nieto-s-a-comp314831.html
,,,,,,,,,,https://www.ingredientsnetwork.com/martin-bauer-group-comp279260.html
,,,,,,,,,,https://www.ingredientsnetwork.com/martinbauer-nutraceuticals-comp307449.html
,,,,,,,,,,https://www.ingredientsnetwork.com/martinez-nieto-comp307514.html
,,,,,,,,,,https://www.ingredientsnetwork.com/martinorossi-spa-comp251069.html
,,,,,,,,,,https://www.ingredientsnetwork.com/marukome-co-ltd-comp294176.html
,,,,,,,,,,https://www.ingredientsnetwork.com/marullo-spa-comp308001.html
,,,,,,,,,,https://www.ingredientsnetwork.com/marusan-ai-co-ltd-comp481422.html
,,,,,,,,,,https://www.ingredientsnetwork.com/maruti-aromatics-flavours-comp282328.html
,,,,,,,,,,https://www.ingredientsnetwork.com/maruzen-pharmaceuticals-co-ltd-comp326360.html
,,,,,,,,,,https://www.ingredientsnetwork.com/maryruth-s-comp307879.html
,,,,,,,,,,https://www.ingredientsnetwork.com/masa-aroma-pte-ltd-comp481849.html
,,,,,,,,,,https://www.ingredientsnetwork.com/masenz-danya-group-comp307515.html
,,,,,,,,,,https://www.ingredientsnetwork.com/mason-vitamins-inc-comp315158.html
,,,,,,,,,,https://www.ingredientsnetwork.com/maspex-b2b-comp304571.html
,,,,,,,,,,https://www.ingredientsnetwork.com/maspex-gmw-sp-z-o-o-sp-k-comp481578.html
,,,,,,,,,,https://www.ingredientsnetwork.com/masruq-investment-limited-comp284745.html
,,,,,,,,,,https://www.ingredientsnetwork.com/masterasia-marketing-co-ltd-comp323057.html
,,,,,,,,,,https://www.ingredientsnetwork.com/masterchem-logoplaste-sp-z-o-o-comp326157.html
,,,,,,,,,,https://www.ingredientsnetwork.com/mastersense-comp249425.html
,,,,,,,,,,https://www.ingredientsnetwork.com/mastrigo-bio-gourmet-comp312897.html
,,,,,,,,,,https://www.ingredientsnetwork.com/matahari-raya-kimiatama-pt-comp289723.html
,,,,,,,,,,https://www.ingredientsnetwork.com/matcha-muda-manggala-pt-comp292646.html
,,,,,,,,,,https://www.ingredientsnetwork.com/matco-foods-pvt-ltd-comp267696.html
,,,,,,,,,,https://www.ingredientsnetwork.com/materialszone-comp481423.html
,,,,,,,,,,https://www.ingredientsnetwork.com/materna-operations-comp312831.html
,,,,,,,,,,https://www.ingredientsnetwork.com/materne-industries-comp249944.html
,,,,,,,,,,https://www.ingredientsnetwork.com/matrade-malaysia-external-trade-dev-comp295289.html
,,,,,,,,,,https://www.ingredientsnetwork.com/matrix-comercio-e-representacoes-ltda-comp249422.html
,,,,,,,,,,https://www.ingredientsnetwork.com/matrix-flavours-and-fragrances-comp281300.html
,,,,,,,,,,https://www.ingredientsnetwork.com/matrix-life-science-comp251660.html
,,,,,,,,,,https://www.ingredientsnetwork.com/matrix-life-science-comp481313.html
,,,,,,,,,,https://www.ingredientsnetwork.com/matrix-sdn-bhd-comp249955.html
,,,,,,,,,,https://www.ingredientsnetwork.com/maturis-gmbh-comp482059.html
,,,,,,,,,,https://www.ingredientsnetwork.com/maturis-gmbh-comp482065.html
,,,,,,,,,,https://www.ingredientsnetwork.com/maui-milk-comp314832.html
,,,,,,,,,,https://www.ingredientsnetwork.com/maxcure-nutravedics-ltd-comp305873.html
,,,,,,,,,,https://www.ingredientsnetwork.com/maxfry-gmbh-comp251255.html
,,,,,,,,,,https://www.ingredientsnetwork.com/maxway-co-ltd-comp250510.html
,,,,,,,,,,https://www.ingredientsnetwork.com/maya-gelatin-comp326957.html
,,,,,,,,,,https://www.ingredientsnetwork.com/mayasan-gida-san-ve-tic-as-comp249884.html
,,,,,,,,,,https://www.ingredientsnetwork.com/maydi-international-co-ltd-comp326474.html
,,,,,,,,,,https://www.ingredientsnetwork.com/maye-biotec-comp306224.html
,,,,,,,,,,https://www.ingredientsnetwork.com/mayla-pharmaceuticals-comp312898.html
,,,,,,,,,,https://www.ingredientsnetwork.com/mayla-pharmaceuticals-comp314833.html
,,,,,,,,,,https://www.ingredientsnetwork.com/mayor-in-vivo-comp312832.html
,,,,,,,,,,https://www.ingredientsnetwork.com/maypro-industries-comp271790.html
,,,,,,,,,,https://www.ingredientsnetwork.com/maypro-industries-inc-comp296183.html
,,,,,,,,,,https://www.ingredientsnetwork.com/maypro-industries-llc-comp326361.html
,,,,,,,,,,https://www.ingredientsnetwork.com/maysa-gida-san-ve-tic-a-s-comp289564.html
,,,,,,,,,,https://www.ingredientsnetwork.com/maytech-endustriyel-gida-ve-san-tic-ltd-sti-comp315842.html
,,,,,,,,,,https://www.ingredientsnetwork.com/mayvi-international-pvt-ltd-comp305874.html
,,,,,,,,,,https://www.ingredientsnetwork.com/nac-comp477066.html
,,,,,,,,,,https://www.ingredientsnetwork.com/nactarome-comp302417.html
,,,,,,,,,,https://www.ingredientsnetwork.com/nactarome-comp326196.html
,,,,,,,,,,https://www.ingredientsnetwork.com/nactis-flavours-comp249124.html
,,,,,,,,,,https://www.ingredientsnetwork.com/nagase-europa-gmbh-comp249117.html
,,,,,,,,,,https://www.ingredientsnetwork.com/nagase-food-ingredients-comp250518.html
,,,,,,,,,,https://www.ingredientsnetwork.com/nagase-food-ingredients-comp272327.html
,,,,,,,,,,https://www.ingredientsnetwork.com/nagase-vietnam-co-ltd-comp271895.html
,,,,,,,,,,https://www.ingredientsnetwork.com/nahr-engel-gmbh-comp268024.html
,,,,,,,,,,https://www.ingredientsnetwork.com/nahrin-ag-comp307525.html
,,,,,,,,,,https://www.ingredientsnetwork.com/naie-sa-comp295971.html
,,,,,,,,,,https://www.ingredientsnetwork.com/nakanihon-capsule-co-ltd-comp326938.html
,,,,,,,,,,https://www.ingredientsnetwork.com/nakheel-alya-dates-factory-comp306515.html
,,,,,,,,,,https://www.ingredientsnetwork.com/nako-naturals-gmbh-comp324266.html
,,,,,,,,,,https://www.ingredientsnetwork.com/nakoda-dairy-pvt-ltd-comp269086.html
,,,,,,,,,,https://www.ingredientsnetwork.com/naledo-belize-ltd-comp327186.html
,,,,,,,,,,https://www.ingredientsnetwork.com/nalkein-italia-s-r-l-comp478531.html
,,,,,,,,,,https://www.ingredientsnetwork.com/nam-an-investment-and-international-trading-co-ltd-comp289339.html
,,,,,,,,,,https://www.ingredientsnetwork.com/nam-phuong-v-n-comp271560.html
,,,,,,,,,,https://www.ingredientsnetwork.com/naman-investment-and-international-trading-co-ltd-comp271284.html
,,,,,,,,,,https://www.ingredientsnetwork.com/named-group-comp324732.html
,,,,,,,,,,https://www.ingredientsnetwork.com/named-s-p-a-comp263201.html
,,,,,,,,,,https://www.ingredientsnetwork.com/namosri-ventures-pvt-ltd-comp269087.html
,,,,,,,,,,https://www.ingredientsnetwork.com/namsiang-co-ltd-comp250519.html
,,,,,,,,,,https://www.ingredientsnetwork.com/namusum-co-ltd-comp479491.html
,,,,,,,,,,https://www.ingredientsnetwork.com/nanachart-traders-consolidation-ltd-comp296497.html
,,,,,,,,,,https://www.ingredientsnetwork.com/nanasiam-intertrade-co-ltd-comp282971.html
,,,,,,,,,,https://www.ingredientsnetwork.com/nanchang-duomei-bio-tech-co-ltd-comp249467.html
,,,,,,,,,,https://www.ingredientsnetwork.com/nanchang-longji-chemical-science-and-technology-comp269336.html
,,,,,,,,,,https://www.ingredientsnetwork.com/nanchang-tellcan-food-science-technology-co-ltd-comp268584.html
,,,,,,,,,,https://www.ingredientsnetwork.com/nanchang-xinduomei-bio-tech-co-ltd-comp316512.html
,,,,,,,,,,https://www.ingredientsnetwork.com/nanchang-xinduomei-bio-tech-co-ltd-comp316522.html
,,,,,,,,,,https://www.ingredientsnetwork.com/nani-agro-foods-p-ltd-comp251271.html
,,,,,,,,,,https://www.ingredientsnetwork.com/nanjing-ascend-biotech-co-ltd-comp477985.html
,,,,,,,,,,https://www.ingredientsnetwork.com/nanjing-bestzyme-bio-engineering-co-ltd-comp319469.html
,,,,,,,,,,https://www.ingredientsnetwork.com/nanjing-biotogether-co-ltd-comp316181.html
,,,,,,,,,,https://www.ingredientsnetwork.com/nanjing-chemical-material-comp282137.html
,,,,,,,,,,https://www.ingredientsnetwork.com/nanjing-gaojie-light-industrial-equipment-co-ltd-comp282704.html
,,,,,,,,,,https://www.ingredientsnetwork.com/nanjing-jinshan-chemical-technology-co-ltd-comp314035.html
,,,,,,,,,,https://www.ingredientsnetwork.com/nanjing-kang-med-tech-co-ltd-comp314838.html
,,,,,,,,,,https://www.ingredientsnetwork.com/nanjing-letop-biotechnology-co-ltd-comp481152.html
,,,,,,,,,,https://www.ingredientsnetwork.com/nanjing-providence-comp313937.html
,,,,,,,,,,https://www.ingredientsnetwork.com/nanjing-senhai-biological-oils-fats-co-ltd-comp326363.html
,,,,,,,,,,https://www.ingredientsnetwork.com/nanjing-sinolife-united-co-ltd-comp271818.html
,,,,,,,,,,https://www.ingredientsnetwork.com/nanjing-tessin-biotechnology-co-ltd-comp323060.html
,,,,,,,,,,https://www.ingredientsnetwork.com/nanjing-union-biotech-co-ltd-comp269132.html
,,,,,,,,,,https://www.ingredientsnetwork.com/nanjing-xiangsiniao-information-technology-co-ltd-comp480490.html
,,,,,,,,,,https://www.ingredientsnetwork.com/nanjing-yida-biotechnology-co-ltd-comp316370.html
,,,,,,,,,,https://www.ingredientsnetwork.com/nanjing-yire-zonglian-energy-saving-technology-co-comp296034.html
,,,,,,,,,,https://www.ingredientsnetwork.com/nanjing-youneng-health-industry-group-co-ltd-comp481717.html
,,,,,,,,,,https://www.ingredientsnetwork.com/nanning-doing-higher-bio-tech-co-ltd-comp296171.html
,,,,,,,,,,https://www.ingredientsnetwork.com/nanning-harworld-biotechnology-co-ltd-comp475875.html
,,,,,,,,,,https://www.ingredientsnetwork.com/nanning-pangbo-biological-engineering-co-comp251272.html
,,,,,,,,,,https://www.ingredientsnetwork.com/nanoscoping-comp326749.html
,,,,,,,,,,https://www.ingredientsnetwork.com/nanovex-comp328251.html
,,,,,,,,,,https://www.ingredientsnetwork.com/nanping-yuanli-active-carbon-company-comp251136.html
,,,,,,,,,,https://www.ingredientsnetwork.com/nanping-yuanli-active-carbon-company-comp325872.html
,,,,,,,,,,https://www.ingredientsnetwork.com/nans-products-comp306947.html
,,,,,,,,,,https://www.ingredientsnetwork.com/nanthong-alchemy-biotech-development-co-ltd-comp291475.html
,,,,,,,,,,https://www.ingredientsnetwork.com/nantong-acetic-acid-chemical-co-ltd-comp249125.html
,,,,,,,,,,https://www.ingredientsnetwork.com/nantong-acetic-acid-comp478808.html
,,,,,,,,,,https://www.ingredientsnetwork.com/nantong-alchemy-biotech-development-co-ltd-comp249710.html
,,,,,,,,,,https://www.ingredientsnetwork.com/nantong-bright-ranch-foodstuffs-co-ltd-comp268015.html
,,,,,,,,,,https://www.ingredientsnetwork.com/nantong-changhai-food-additive-co-ltd-comp250054.html
,,,,,,,,,,https://www.ingredientsnetwork.com/nantong-changhai-food-additive-co-ltd-comp303344.html
,,,,,,,,,,https://www.ingredientsnetwork.com/nantong-changjiang-food-ingredient-ltd-comp251341.html
,,,,,,,,,,https://www.ingredientsnetwork.com/nantong-chem-base-co-ltd-comp319615.html
,,,,,,,,,,https://www.ingredientsnetwork.com/nantong-feiyu-food-technology-co-ltd-comp296044.html
,,,,,,,,,,https://www.ingredientsnetwork.com/nantong-foreign-trade-medicines-and-health-product-comp249711.html
,,,,,,,,,,https://www.ingredientsnetwork.com/nantong-fuer-biological-products-co-ltd-comp296015.html
,,,,,,,,,,https://www.ingredientsnetwork.com/nantong-qzu-bioscience-biotechnology-co-ltd-comp282508.html
,,,,,,,,,,https://www.ingredientsnetwork.com/nantong-zilang-biopharma-tech-co-ltd-comp278227.html
,,,,,,,,,,https://www.ingredientsnetwork.com/nanulabs-cia-ltda-comp317242.html
,,,,,,,,,,https://www.ingredientsnetwork.com/napasol-ag-comp249131.html
,,,,,,,,,,https://www.ingredientsnetwork.com/naplasol-comp316032.html
,,,,,,,,,,https://www.ingredientsnetwork.com/narayan-d-o-o-comp312788.html
,,,,,,,,,,https://www.ingredientsnetwork.com/nardevchem-kemindo-indonesia-pt-comp289727.html
,,,,,,,,,,https://www.ingredientsnetwork.com/nashmir-capsule-sdn-bhd-comp475403.html
,,,,,,,,,,https://www.ingredientsnetwork.com/nat-kaps-laboratoires-comp327383.html
,,,,,,,,,,https://www.ingredientsnetwork.com/natac-biotech-s-l-u-comp307526.html
,,,,,,,,,,https://www.ingredientsnetwork.com/natac-pte-ltd-comp319841.html
,,,,,,,,,,https://www.ingredientsnetwork.com/natcon-biolife-sciences-pvt-ltd-comp302172.html
,,,,,,,,,,https://www.ingredientsnetwork.com/nateco2-your-experts-in-scco2-extraction-comp249118.html
,,,,,,,,,,https://www.ingredientsnetwork.com/natexplore-comp327592.html
,,,,,,,,,,https://www.ingredientsnetwork.com/nati-coffee-and-spices-plc-ncs-comp316665.html
,,,,,,,,,,https://www.ingredientsnetwork.com/nating-italia-comp271143.html
,,,,,,,,,,https://www.ingredientsnetwork.com/natinov-comp307527.html
,,,,,,,,,,https://www.ingredientsnetwork.com/national-association-of-state-departments-of-comp475835.html
,,,,,,,,,,https://www.ingredientsnetwork.com/national-innovation-agency-public-organization-comp328394.html
,,,,,,,,,,https://www.ingredientsnetwork.com/national-marine-biodiversity-institute-of-korea-comp481153.html
,,,,,,,,,,https://www.ingredientsnetwork.com/national-nanotechnology-center-comp315883.html
,,,,,,,,,,https://www.ingredientsnetwork.com/national-science-and-technology-development-agency-comp282424.html
,,,,,,,,,,https://www.ingredientsnetwork.com/national-turmeric-board-comp475816.html
,,,,,,,,,,https://www.ingredientsnetwork.com/natiprol-lianyungang-corporation-comp249468.html
,,,,,,,,,,https://www.ingredientsnetwork.com/nativa-pty-ltd-comp328252.html
,,,,,,,,,,https://www.ingredientsnetwork.com/native-product-exports-pvt-ltd-comp477224.html
,,,,,,,,,,https://www.ingredientsnetwork.com/natix-sa-comp315546.html
,,,,,,,,,,https://www.ingredientsnetwork.com/natoli-engineering-company-inc-comp309278.html
,,,,,,,,,,https://www.ingredientsnetwork.com/natra-comp326197.html
,,,,,,,,,,https://www.ingredientsnetwork.com/natra-midco-comp249119.html
,,,,,,,,,,https://www.ingredientsnetwork.com/natumin-pharma-comp477928.html
,,,,,,,,,,https://www.ingredientsnetwork.com/natur-svit-comp317300.html
,,,,,,,,,,https://www.ingredientsnetwork.com/natura-ayur-science-pvt-ltd-comp323595.html
,,,,,,,,,,https://www.ingredientsnetwork.com/natura-biotechnol-pvt-ltd-comp276822.html
,,,,,,,,,,https://www.ingredientsnetwork.com/natura-extracta-comp316666.html
,,,,,,,,,,https://www.ingredientsnetwork.com/natura-food-additives-a-s-comp323609.html
,,,,,,,,,,https://www.ingredientsnetwork.com/natura-house-spa-comp320061.html
,,,,,,,,,,https://www.ingredientsnetwork.com/natura-indoland-pt-comp477288.html
,,,,,,,,,,https://www.ingredientsnetwork.com/natura-perisa-aroma-pt-comp323281.html
,,,,,,,,,,https://www.ingredientsnetwork.com/natura-tec-comp307528.html
,,,,,,,,,,https://www.ingredientsnetwork.com/naturacare-comp315035.html
,,,,,,,,,,https://www.ingredientsnetwork.com/naturacare-comp475439.html
,,,,,,,,,,https://www.ingredientsnetwork.com/naturagen-ilac-kozmetik-gida-san-ve-tic-comp309741.html
,,,,,,,,,,https://www.ingredientsnetwork.com/natural-agro-foods-comp270572.html
,,,,,,,,,,https://www.ingredientsnetwork.com/natural-aroma-products-pvt-ltd-comp305930.html
,,,,,,,,,,https://www.ingredientsnetwork.com/natural-barentz-comp286768.html
,,,,,,,,,,https://www.ingredientsnetwork.com/natural-biological-group-co-ltd-comp296112.html
,,,,,,,,,,https://www.ingredientsnetwork.com/natural-chaga-comp312445.html
,,,,,,,,,,https://www.ingredientsnetwork.com/natural-dehydrated-vegetables-p-ltd-comp251654.html
,,,,,,,,,,https://www.ingredientsnetwork.com/natural-field-co-ltd-comp321471.html
,,,,,,,,,,https://www.ingredientsnetwork.com/natural-health-product-nz-comp273169.html
,,,,,,,,,,https://www.ingredientsnetwork.com/natural-herbs-and-formulations-comp477327.html
,,,,,,,,,,https://www.ingredientsnetwork.com/natural-immix-health-ltd-comp326939.html
,,,,,,,,,,https://www.ingredientsnetwork.com/natural-indococonut-organik-pt-comp317664.html
,,,,,,,,,,https://www.ingredientsnetwork.com/natural-ingredients-comp304865.html
,,,,,,,,,,https://www.ingredientsnetwork.com/natural-life-nutrition-comp289862.html
,,,,,,,,,,https://www.ingredientsnetwork.com/natural-origins-comp327187.html
,,,,,,,,,,https://www.ingredientsnetwork.com/natural-poland-sp-z-o-o-comp309379.html
,,,,,,,,,,https://www.ingredientsnetwork.com/natural-products-technologies-comp250377.html
,,,,,,,,,,https://www.ingredientsnetwork.com/natural-remedies-comp272805.html
,,,,,,,,,,https://www.ingredientsnetwork.com/natural-spices-b-v-comp482103.html
,,,,,,,,,,https://www.ingredientsnetwork.com/natural-supplements-production-comp325085.html
,,,,,,,,,,https://www.ingredientsnetwork.com/natural-sweeteners-llc-comp325409.html
,,,,,,,,,,https://www.ingredientsnetwork.com/natural-trace-comp321974.html
,,,,,,,,,,https://www.ingredientsnetwork.com/natural-way-laboratories-comp317503.html
,,,,,,,,,,https://www.ingredientsnetwork.com/naturalia-ingredients-srl-comp249133.html
,,,,,,,,,,https://www.ingredientsnetwork.com/naturalin-bio-resources-co-ltd-comp250758.html
,,,,,,,,,,https://www.ingredientsnetwork.com/naturalway-comp313297.html
,,,,,,,,,,https://www.ingredientsnetwork.com/naturamole-comp303345.html
,,,,,,,,,,https://www.ingredientsnetwork.com/naturaviva-srl-comp267953.html
,,,,,,,,,,https://www.ingredientsnetwork.com/naturayuva-ag-comp308231.html
,,,,,,,,,,https://www.ingredientsnetwork.com/nature-agro-product-co-ltd-comp289728.html
,,,,,,,,,,https://www.ingredientsnetwork.com/nature-bio-foods-ltd-comp289666.html
,,,,,,,,,,https://www.ingredientsnetwork.com/nature-biotec-co-ltd-comp477986.html
,,,,,,,,,,https://www.ingredientsnetwork.com/nature-elite-comp482104.html
,,,,,,,,,,https://www.ingredientsnetwork.com/nature-gift-vitamin-llc-comp316362.html
,,,,,,,,,,https://www.ingredientsnetwork.com/nature-s-answer-comp326503.html
,,,,,,,,,,https://www.ingredientsnetwork.com/nature-s-care-manufacture-pty-ltd-comp478017.html
,,,,,,,,,,https://www.ingredientsnetwork.com/nature-s-ingredients-gmbh-comp265963.html
,,,,,,,,,,https://www.ingredientsnetwork.com/nature-s-sunshine-comp481507.html
,,,,,,,,,,https://www.ingredientsnetwork.com/naturel-west-corp-eu-b-v-comp308137.html
,,,,,,,,,,https://www.ingredientsnetwork.com/naturell-ab-comp478532.html
,,,,,,,,,,https://www.ingredientsnetwork.com/naturello-spa-comp267989.html
,,,,,,,,,,https://www.ingredientsnetwork.com/natureloud-co-ltd-comp480491.html
,,,,,,,,,,https://www.ingredientsnetwork.com/natures-best-foods-co-ltd-comp294172.html
,,,,,,,,,,https://www.ingredientsnetwork.com/naturesmith-foods-llp-comp282752.html
,,,,,,,,,,https://www.ingredientsnetwork.com/naturesplus-comp475883.html
,,,,,,,,,,https://www.ingredientsnetwork.com/naturetech-co-ltd-comp280194.html
,,,,,,,,,,https://www.ingredientsnetwork.com/naturextrakte-bioscience-pvt-ltd-comp475160.html
,,,,,,,,,,https://www.ingredientsnetwork.com/naturinga-sociedade-de-comercializacao-de-comp251273.html
,,,,,,,,,,https://www.ingredientsnetwork.com/naturis-spa-comp251274.html
,,,,,,,,,,https://www.ingredientsnetwork.com/naturkost-ubelhor-gmbh-und-co-kg-comp249678.html
,,,,,,,,,,https://www.ingredientsnetwork.com/naturmed-scientific-gmbh-comp308397.html
,,,,,,,,,,https://www.ingredientsnetwork.com/naturmega-comp314839.html
,,,,,,,,,,https://www.ingredientsnetwork.com/naturoil-gida-ve-kimya-san-tic-ltd-sti-comp326397.html
,,,,,,,,,,https://www.ingredientsnetwork.com/naturovos-comp477068.html
,,,,,,,,,,https://www.ingredientsnetwork.com/naturz-group-sdn-bhd-comp316357.html
,,,,,,,,,,https://www.ingredientsnetwork.com/navaco-global-comp476896.html
,,,,,,,,,,https://www.ingredientsnetwork.com/navami-industries-pvt-ltd-comp315508.html
,,,,,,,,,,https://www.ingredientsnetwork.com/navara-oat-milling-ltd-comp315837.html
,,,,,,,,,,https://www.ingredientsnetwork.com/navarro-pecan-company-comp249134.html
,,,,,,,,,,https://www.ingredientsnetwork.com/navector-shanghaiscreening-technology-co-ltd-comp281641.html
,,,,,,,,,,https://www.ingredientsnetwork.com/naveh-pharma-comp326630.html
,,,,,,,,,,https://www.ingredientsnetwork.com/naveh-pharma-ltd-comp307531.html
,,,,,,,,,,https://www.ingredientsnetwork.com/navi-nutrition-comp272806.html
,,,,,,,,,,https://www.ingredientsnetwork.com/navitalo-gmbh-comp312383.html
,,,,,,,,,,https://www.ingredientsnetwork.com/navjyoti-gum-chemicals-comp323596.html
,,,,,,,,,,https://www.ingredientsnetwork.com/oasis-bevergaes-pvt-ltd-comp271884.html
,,,,,,,,,,https://www.ingredientsnetwork.com/oasis-nutri-comp324258.html
,,,,,,,,,,https://www.ingredientsnetwork.com/pacific-basin-partnership-inc-comp316668.html
,,,,,,,,,,https://www.ingredientsnetwork.com/pacific-trade-invest-comp302655.html
,,,,,,,,,,https://www.ingredientsnetwork.com/pacific-valley-foods-comp256417.html
,,,,,,,,,,https://www.ingredientsnetwork.com/pacifico-biolabs-comp324183.html
,,,,,,,,,,https://www.ingredientsnetwork.com/packaging-and-food-comp282883.html
,,,,,,,,,,https://www.ingredientsnetwork.com/packiro-gmbh-comp324274.html
,,,,,,,,,,https://www.ingredientsnetwork.com/packom-international-doo-comp309742.html
,,,,,,,,,,https://www.ingredientsnetwork.com/packstyle-srl-comp309743.html
,,,,,,,,,,https://www.ingredientsnetwork.com/packtin-comp309805.html
,,,,,,,,,,https://www.ingredientsnetwork.com/padovana-macinazione-srl-comp480581.html
,,,,,,,,,,https://www.ingredientsnetwork.com/pafa-mandiri-sakti-pt-comp254983.html
,,,,,,,,,,https://www.ingredientsnetwork.com/pagt-limited-comp285527.html
,,,,,,,,,,https://www.ingredientsnetwork.com/pagysa-pamuk-gida-yerli-urunleri-tic-ve-san-a-s-comp304728.html
,,,,,,,,,,https://www.ingredientsnetwork.com/pak-ihracat-a-s-comp268026.html
,,,,,,,,,,https://www.ingredientsnetwork.com/pak-shilajit-comp476714.html
,,,,,,,,,,https://www.ingredientsnetwork.com/palladio-consulting-srl-comp319175.html
,,,,,,,,,,https://www.ingredientsnetwork.com/pallas-biotech-co-ltd-comp319460.html
,,,,,,,,,,https://www.ingredientsnetwork.com/pallmann-maschinenfabrik-gmbh-co-kg-comp279273.html
,,,,,,,,,,https://www.ingredientsnetwork.com/palm-bites-alya-foods-comp477548.html
,,,,,,,,,,https://www.ingredientsnetwork.com/palsgaard-a-s-comp249168.html
,,,,,,,,,,https://www.ingredientsnetwork.com/palsgaard-asia-pacific-pte-ltd-comp256183.html
,,,,,,,,,,https://www.ingredientsnetwork.com/pan-media-matrix-comp302980.html
,,,,,,,,,,https://www.ingredientsnetwork.com/panacea-phytoextracts-pvt-ltd-comp290612.html
,,,,,,,,,,https://www.ingredientsnetwork.com/panakea-d-o-o-comp476316.html
,,,,,,,,,,https://www.ingredientsnetwork.com/panasource-ingredients-inc-comp276784.html
,,,,,,,,,,https://www.ingredientsnetwork.com/pancaran-wijaya-kemindo-pt-comp319491.html
,,,,,,,,,,https://www.ingredientsnetwork.com/panchvati-export-comp284427.html
,,,,,,,,,,https://www.ingredientsnetwork.com/pandurasa-kharisma-pt-comp481934.html
,,,,,,,,,,https://www.ingredientsnetwork.com/panel-japan-co-ltd-comp289861.html
,,,,,,,,,,https://www.ingredientsnetwork.com/panemex-comp251298.html
,,,,,,,,,,https://www.ingredientsnetwork.com/panemex-comp291403.html
,,,,,,,,,,https://www.ingredientsnetwork.com/pangan-mahkota-emas-pt-comp477292.html
,,,,,,,,,,https://www.ingredientsnetwork.com/pangda-chengyu-huakang-food-co-ltd-comp285360.html
,,,,,,,,,,https://www.ingredientsnetwork.com/paninkret-chem-pharm-vertriebsges-mbh-comp266953.html
,,,,,,,,,,https://www.ingredientsnetwork.com/panjin-fengrui-bio-technology-co-ltd-comp324275.html
,,,,,,,,,,https://www.ingredientsnetwork.com/panjin-huacheng-pharmaceutical-co-ltd-comp312916.html
,,,,,,,,,,https://www.ingredientsnetwork.com/panjin-liver-health-biotechnology-cp-l-comp326203.html
,,,,,,,,,,https://www.ingredientsnetwork.com/panjin-tianyuan-pharmaceutical-co-ltd-comp312440.html
,,,,,,,,,,https://www.ingredientsnetwork.com/panjin-tianyuan-pharmaceuticals-co-ltd-comp477760.html
,,,,,,,,,,https://www.ingredientsnetwork.com/pannonia-bio-zrt-comp326204.html
,,,,,,,,,,https://www.ingredientsnetwork.com/panorama-global-pte-ltd-comp324448.html
,,,,,,,,,,https://www.ingredientsnetwork.com/panteley-toshev-ltd-comp279274.html
,,,,,,,,,,https://www.ingredientsnetwork.com/pantheryx-group-asia-pte-ltd-comp304862.html
,,,,,,,,,,https://www.ingredientsnetwork.com/panvega-ag-comp285183.html
,,,,,,,,,,https://www.ingredientsnetwork.com/panzani-comp475613.html
,,,,,,,,,,https://www.ingredientsnetwork.com/papchem-lifesciences-pvt-ltd-comp481966.html
,,,,,,,,,,https://www.ingredientsnetwork.com/papela-packaging-comp478766.html
,,,,,,,,,,https://www.ingredientsnetwork.com/paprika-oleo-s-india-ltd-comp254969.html
,,,,,,,,,,https://www.ingredientsnetwork.com/paprika-oleos-india-ltd-comp305124.html
,,,,,,,,,,https://www.ingredientsnetwork.com/paprimur-s-l-comp251300.html
,,,,,,,,,,https://www.ingredientsnetwork.com/parabel-usa-inc-comp250535.html
,,,,,,,,,,https://www.ingredientsnetwork.com/paradice-comp481831.html
,,,,,,,,,,https://www.ingredientsnetwork.com/paradiesfrucht-gmbh-comp270553.html
,,,,,,,,,,https://www.ingredientsnetwork.com/paradise-flora-comp302002.html
,,,,,,,,,,https://www.ingredientsnetwork.com/paradise-fruits-by-jahncke-comp251301.html
,,,,,,,,,,https://www.ingredientsnetwork.com/paradise-fruits-freeze-dried-comp324033.html
,,,,,,,,,,https://www.ingredientsnetwork.com/paradise-fruits-solutions-gmbh-co-kg-comp328255.html
,,,,,,,,,,https://www.ingredientsnetwork.com/parag-milk-foods-ltd-comp270589.html
,,,,,,,,,,https://www.ingredientsnetwork.com/paragon-laboratories-comp481649.html
,,,,,,,,,,https://www.ingredientsnetwork.com/paragon-laboratories-comp481650.html
,,,,,,,,,,https://www.ingredientsnetwork.com/paras-nutritions-pvt-ltd-comp282333.html
,,,,,,,,,,https://www.ingredientsnetwork.com/parda-food-llp-comp314544.html
,,,,,,,,,,https://www.ingredientsnetwork.com/pardes-quick-foods-and-dehydration-pvt-ltd-comp481669.html
,,,,,,,,,,https://www.ingredientsnetwork.com/pari-chemicals-comp284500.html
,,,,,,,,,,https://www.ingredientsnetwork.com/parisons-agrotech-pvt-ltd-comp479504.html
,,,,,,,,,,https://www.ingredientsnetwork.com/parkacare-comp479658.html
,,,,,,,,,,https://www.ingredientsnetwork.com/parkacre-comp324276.html
,,,,,,,,,,https://www.ingredientsnetwork.com/parmovo-s-r-l-comp249171.html
,,,,,,,,,,https://www.ingredientsnetwork.com/parry-nutraceuticals-comp307549.html
,,,,,,,,,,https://www.ingredientsnetwork.com/parshwanath-colour-chem-comp289731.html
,,,,,,,,,,https://www.ingredientsnetwork.com/parth-foods-comp284365.html
,,,,,,,,,,https://www.ingredientsnetwork.com/pasanka-comp476763.html
,,,,,,,,,,https://www.ingredientsnetwork.com/pasciolco-agri-ventures-comp324184.html
,,,,,,,,,,https://www.ingredientsnetwork.com/passion-comp477054.html
,,,,,,,,,,https://www.ingredientsnetwork.com/patanjali-foods-limited-comp306030.html
,,,,,,,,,,https://www.ingredientsnetwork.com/patel-chem-specialities-limited-comp482107.html
,,,,,,,,,,https://www.ingredientsnetwork.com/patel-chem-specialities-p-ltd-comp284605.html
,,,,,,,,,,https://www.ingredientsnetwork.com/patgroup-comp324277.html
,,,,,,,,,,https://www.ingredientsnetwork.com/patiswiss-ag-comp306559.html
,,,,,,,,,,https://www.ingredientsnetwork.com/pattern-comp480609.html
,,,,,,,,,,https://www.ingredientsnetwork.com/paula-ingredients-sp-z-o-o-comp268456.html
,,,,,,,,,,https://www.ingredientsnetwork.com/paula-sp-z-o-o-sp-k-crispy-natural-sp-z-o-o-sp-k-comp249871.html
,,,,,,,,,,https://www.ingredientsnetwork.com/paulino-solanellas-sl-comp266011.html
,,,,,,,,,,https://www.ingredientsnetwork.com/qbid-pty-ltd-comp272649.html
,,,,,,,,,,https://www.ingredientsnetwork.com/rabeler-fruchtchips-gmbh-comp249203.html
,,,,,,,,,,https://www.ingredientsnetwork.com/radiant-research-comp481967.html
,,,,,,,,,,https://www.ingredientsnetwork.com/radicle-science-comp477900.html
,,,,,,,,,,https://www.ingredientsnetwork.com/rafbrix-private-limited-comp269089.html
,,,,,,,,,,https://www.ingredientsnetwork.com/raffole-comp324536.html
,,,,,,,,,,https://www.ingredientsnetwork.com/raghav-ingredients-comp270151.html
,,,,,,,,,,https://www.ingredientsnetwork.com/raheja-solar-food-processing-pvt-ltd-comp323895.html
,,,,,,,,,,https://www.ingredientsnetwork.com/rain-nutrience-ltd-comp312850.html
,,,,,,,,,,https://www.ingredientsnetwork.com/rainbow-expochem-company-comp306259.html
,,,,,,,,,,https://www.ingredientsnetwork.com/raisio-food-solutions-comp251333.html
,,,,,,,,,,https://www.ingredientsnetwork.com/raivat-impex-pvt-ltd-comp306747.html
,,,,,,,,,,https://www.ingredientsnetwork.com/raizes-do-campo-comp324364.html
,,,,,,,,,,https://www.ingredientsnetwork.com/raj-foods-international-comp277202.html
,,,,,,,,,,https://www.ingredientsnetwork.com/raj-gums-comp283630.html
,,,,,,,,,,https://www.ingredientsnetwork.com/raja-fat-and-feeds-private-limited-comp316182.html
,,,,,,,,,,https://www.ingredientsnetwork.com/rajguru-dehydrates-comp284213.html
,,,,,,,,,,https://www.ingredientsnetwork.com/raksh-bio-science-pvt-ltd-comp327584.html
,,,,,,,,,,https://www.ingredientsnetwork.com/ram-foods-comp306594.html
,,,,,,,,,,https://www.ingredientsnetwork.com/ram-ratan-kashi-ram-comp475785.html
,,,,,,,,,,https://www.ingredientsnetwork.com/rama-foods-co-ltd-comp296500.html
,,,,,,,,,,https://www.ingredientsnetwork.com/rama-gum-industries-india-ltd-comp270098.html
,,,,,,,,,,https://www.ingredientsnetwork.com/rama-production-co-ltd-comp249958.html
,,,,,,,,,,https://www.ingredientsnetwork.com/ramagums-pvt-ltd-comp304737.html
,,,,,,,,,,https://www.ingredientsnetwork.com/ramon-sabater-s-a-comp251335.html
,,,,,,,,,,https://www.ingredientsnetwork.com/randeniya-international-private-limited-comp284750.html
,,,,,,,,,,https://www.ingredientsnetwork.com/ransom-naturals-limited-comp307575.html
,,,,,,,,,,https://www.ingredientsnetwork.com/ranson-group-comp280431.html
,,,,,,,,,,https://www.ingredientsnetwork.com/raps-gmbh-co-kg-comp318994.html
,,,,,,,,,,https://www.ingredientsnetwork.com/rasagra-gida-dis-ticaret-limited-sirketi-comp296798.html
,,,,,,,,,,https://www.ingredientsnetwork.com/ravazzi-spa-comp327271.html
,,,,,,,,,,https://www.ingredientsnetwork.com/ravico-nv-sa-comp284804.html
,,,,,,,,,,https://www.ingredientsnetwork.com/rawbids-comp319261.html
,,,,,,,,,,https://www.ingredientsnetwork.com/rawga-inc-comp318793.html
,,,,,,,,,,https://www.ingredientsnetwork.com/rawji-fine-fragrances-pvt-ltd-comp321847.html
,,,,,,,,,,https://www.ingredientsnetwork.com/sa-algaia-comp267976.html
,,,,,,,,,,https://www.ingredientsnetwork.com/sa-belourthe-comp249626.html
,,,,,,,,,,https://www.ingredientsnetwork.com/sa-bonilait-proteines-comp315811.html
,,,,,,,,,,https://www.ingredientsnetwork.com/sa-castle-ingredients-comp314059.html
,,,,,,,,,,https://www.ingredientsnetwork.com/sa-etablissements-j-soufflet-comp291254.html
,,,,,,,,,,https://www.ingredientsnetwork.com/sa-fermented-product-partner-comp249646.html
,,,,,,,,,,https://www.ingredientsnetwork.com/sa-metarom-france-comp248805.html
,,,,,,,,,,https://www.ingredientsnetwork.com/sa-tournaire-comp264185.html
,,,,,,,,,,https://www.ingredientsnetwork.com/saanroo-pharmako-comp482122.html
,,,,,,,,,,https://www.ingredientsnetwork.com/saanroo-pharmako-comp482141.html
,,,,,,,,,,https://www.ingredientsnetwork.com/sab-klang-thong-international-co-ltd-comp268298.html
,,,,,,,,,,https://www.ingredientsnetwork.com/sabara-quimicos-e-ingredientes-s-a-comp271768.html
,,,,,,,,,,https://www.ingredientsnetwork.com/sabarot-comp267955.html
,,,,,,,,,,https://www.ingredientsnetwork.com/sabater-spices-comp316986.html
,,,,,,,,,,https://www.ingredientsnetwork.com/sabinsa-corperation-comp296197.html
,,,,,,,,,,https://www.ingredientsnetwork.com/sabinsa-corporation-comp314867.html
,,,,,,,,,,https://www.ingredientsnetwork.com/sabinsa-corporation-usa-comp477978.html
,,,,,,,,,,https://www.ingredientsnetwork.com/sabinsa-europe-gmbh-comp249672.html
,,,,,,,,,,https://www.ingredientsnetwork.com/sabklangthong-international-co-ltd-comp283651.html
,,,,,,,,,,https://www.ingredientsnetwork.com/sacco-system-australia-comp314785.html
,,,,,,,,,,https://www.ingredientsnetwork.com/sacco-system-australia-comp477990.html
,,,,,,,,,,https://www.ingredientsnetwork.com/sacco-system-comp251079.html
,,,,,,,,,,https://www.ingredientsnetwork.com/sacesa-seleccion-comp481835.html
,,,,,,,,,,https://www.ingredientsnetwork.com/sacha-inchi-marketing-sdn-bhd-comp314868.html
,,,,,,,,,,https://www.ingredientsnetwork.com/sacheerome-pvt-ltd-comp281301.html
,,,,,,,,,,https://www.ingredientsnetwork.com/sachsenmilch-leppersdorf-gmbh-comp249218.html
,,,,,,,,,,https://www.ingredientsnetwork.com/sacmar-comp291267.html
,,,,,,,,,,https://www.ingredientsnetwork.com/sadef-gida-san-ve-tic-as-comp323286.html
,,,,,,,,,,https://www.ingredientsnetwork.com/sadina-99-comp481580.html
,,,,,,,,,,https://www.ingredientsnetwork.com/saes-chemicals-comp477076.html
,,,,,,,,,,https://www.ingredientsnetwork.com/safcol-colors-comp273242.html
,,,,,,,,,,https://www.ingredientsnetwork.com/safe-import-bv-comp276897.html
,,,,,,,,,,https://www.ingredientsnetwork.com/safesteril-comp251344.html
,,,,,,,,,,https://www.ingredientsnetwork.com/saffron-media-private-limited-comp270650.html
,,,,,,,,,,https://www.ingredientsnetwork.com/saffron-media-pvt-ltd-comp263731.html
,,,,,,,,,,https://www.ingredientsnetwork.com/safic-alcan-comp307580.html
,,,,,,,,,,https://www.ingredientsnetwork.com/sahyadri-farms-post-harvest-care-limited-comp312908.html
,,,,,,,,,,https://www.ingredientsnetwork.com/saimach-pharmatech-pvt-ltd-comp476367.html
,,,,,,,,,,https://www.ingredientsnetwork.com/sainhall-nutrihealth-pte-ltd-comp314869.html
,,,,,,,,,,https://www.ingredientsnetwork.com/saipol-lesieur-comp308091.html
,,,,,,,,,,https://www.ingredientsnetwork.com/sajocpk-ltd-comp477641.html
,,,,,,,,,,https://www.ingredientsnetwork.com/sakai-laboratorios-comp314870.html
,,,,,,,,,,https://www.ingredientsnetwork.com/sakai-spice-canada-corp-comp251346.html
,,,,,,,,,,https://www.ingredientsnetwork.com/sakhi-shubham-industries-comp305150.html
,,,,,,,,,,https://www.ingredientsnetwork.com/sakkara-essential-oils-comp251347.html
,,,,,,,,,,https://www.ingredientsnetwork.com/saksit-co-ltd-comp281649.html
,,,,,,,,,,https://www.ingredientsnetwork.com/sakti-naturals-pvt-ltd-comp326169.html
,,,,,,,,,,https://www.ingredientsnetwork.com/sakura-of-egypt-co-comp252074.html
,,,,,,,,,,https://www.ingredientsnetwork.com/salasar-alloy-steel-industries-pvt-ltd-comp314701.html
,,,,,,,,,,https://www.ingredientsnetwork.com/salengei-sl-comp319256.html
,,,,,,,,,,https://www.ingredientsnetwork.com/salicylates-chemicals-p-ltd-comp306496.html
,,,,,,,,,,https://www.ingredientsnetwork.com/salins-comp314361.html
,,,,,,,,,,https://www.ingredientsnetwork.com/salix-s-r-l-comp307581.html
,,,,,,,,,,https://www.ingredientsnetwork.com/salnova-nutritec-b-v-comp312635.html
,,,,,,,,,,https://www.ingredientsnetwork.com/salpa-e-cherubini-srl-comp263280.html
,,,,,,,,,,https://www.ingredientsnetwork.com/salpa-s-a-s-comp281755.html
,,,,,,,,,,https://www.ingredientsnetwork.com/salt-minerals-comp323614.html
,,,,,,,,,,https://www.ingredientsnetwork.com/saltinsalt-inc-comp294171.html
,,,,,,,,,,https://www.ingredientsnetwork.com/saltwell-ab-comp282911.html
,,,,,,,,,,https://www.ingredientsnetwork.com/saltwell-comp478834.html
,,,,,,,,,,https://www.ingredientsnetwork.com/salud-box-s-l-comp326252.html
,,,,,,,,,,https://www.ingredientsnetwork.com/salud-foodgroup-europe-bv-comp286775.html
,,,,,,,,,,https://www.ingredientsnetwork.com/salus-bioceutical-thailand-co-ltd-comp305371.html
,,,,,,,,,,https://www.ingredientsnetwork.com/salutivia-comp481581.html
,,,,,,,,,,https://www.ingredientsnetwork.com/salvi-chemical-industries-ltd-comp327192.html
,,,,,,,,,,https://www.ingredientsnetwork.com/salzbruecke-comp309167.html
,,,,,,,,,,https://www.ingredientsnetwork.com/salzbruecke-comp309168.html
,,,,,,,,,,https://www.ingredientsnetwork.com/samanala-natural-foods-pvt-ltd-comp284754.html
,,,,,,,,,,https://www.ingredientsnetwork.com/samarika-pharma-solutions-llp-comp324375.html
,,,,,,,,,,https://www.ingredientsnetwork.com/samarra-foods-comp481557.html
,,,,,,,,,,https://www.ingredientsnetwork.com/samarth-biorigins-llp-comp319851.html
,,,,,,,,,,https://www.ingredientsnetwork.com/sameca-comp482123.html
,,,,,,,,,,https://www.ingredientsnetwork.com/sameca-comp482142.html
,,,,,,,,,,https://www.ingredientsnetwork.com/samhwa-flavors-fragrances-comp272331.html
,,,,,,,,,,https://www.ingredientsnetwork.com/sami-sabinsa-group-limited-comp323946.html
,,,,,,,,,,https://www.ingredientsnetwork.com/samjung-flavor-comp272332.html
,,,,,,,,,,https://www.ingredientsnetwork.com/samly-comp271101.html
,,,,,,,,,,https://www.ingredientsnetwork.com/samriddh-nutractive-pvt-ltd-comp323200.html
,,,,,,,,,,https://www.ingredientsnetwork.com/samyang-corporation-comp294169.html
,,,,,,,,,,https://www.ingredientsnetwork.com/sana-rica-foods-comp323896.html
,,,,,,,,,,https://www.ingredientsnetwork.com/sanabil-healthy-foods-co-ltd-comp282259.html
,,,,,,,,,,https://www.ingredientsnetwork.com/sanaplus-kft-comp307582.html
,,,,,,,,,,https://www.ingredientsnetwork.com/sanat-products-a-division-of-dr-wilmar-comp307194.html
,,,,,,,,,,https://www.ingredientsnetwork.com/sanat-products-comp309063.html
,,,,,,,,,,https://www.ingredientsnetwork.com/sancolor-sa-comp279291.html
,,,,,,,,,,https://www.ingredientsnetwork.com/sanguan-wongse-starch-co-ltd-comp266946.html
,,,,,,,,,,https://www.ingredientsnetwork.com/sanher-biogen-labs-private-limited-comp475458.html
,,,,,,,,,,https://www.ingredientsnetwork.com/sanhua-food-additive-factory-comp281650.html
,,,,,,,,,,https://www.ingredientsnetwork.com/sani-membranes-a-s-comp322399.html
,,,,,,,,,,https://www.ingredientsnetwork.com/sanitas-capsules-comp325093.html
,,,,,,,,,,https://www.ingredientsnetwork.com/sanitech-engineers-pvt-ltd-comp323031.html
,,,,,,,,,,https://www.ingredientsnetwork.com/sanjay-chemicals-comp269093.html
,,,,,,,,,,https://www.ingredientsnetwork.com/sanjivni-ayu-care-comp481692.html
,,,,,,,,,,https://www.ingredientsnetwork.com/sankalp-recreation-pvt-ltd-comp323876.html
,,,,,,,,,,https://www.ingredientsnetwork.com/sanmark-corp-comp312497.html
,,,,,,,,,,https://www.ingredientsnetwork.com/sanmik-group-limited-comp263889.html
,,,,,,,,,,https://www.ingredientsnetwork.com/sanner-group-comp477765.html
,,,,,,,,,,https://www.ingredientsnetwork.com/sanofi-comp272642.html
,,,,,,,,,,https://www.ingredientsnetwork.com/sanomed-gesundheits-und-sportnahrungsmit-comp317516.html
,,,,,,,,,,https://www.ingredientsnetwork.com/sanotact-gmbh-comp307583.html
,,,,,,,,,,https://www.ingredientsnetwork.com/sanovo-egg-group-comp249920.html
,,,,,,,,,,https://www.ingredientsnetwork.com/sante-group-comp308528.html
,,,,,,,,,,https://www.ingredientsnetwork.com/sante-sp-z-o-o-comp324209.html
,,,,,,,,,,https://www.ingredientsnetwork.com/santis-comp251351.html
,,,,,,,,,,https://www.ingredientsnetwork.com/santo-santaniello-srl-comp279292.html
,,,,,,,,,,https://www.ingredientsnetwork.com/santos-premium-krimer-pt-comp254986.html
,,,,,,,,,,https://www.ingredientsnetwork.com/santosflora-comp478014.html
,,,,,,,,,,https://www.ingredientsnetwork.com/santram-food-export-comp271565.html
,,,,,,,,,,https://www.ingredientsnetwork.com/sanyuan-lihua-bio-tech-co-ltd-comp481156.html
,,,,,,,,,,https://www.ingredientsnetwork.com/sanzyme-biologics-comp305042.html
,,,,,,,,,,https://www.ingredientsnetwork.com/sappe-public-company-limited-hq-comp314042.html
,,,,,,,,,,https://www.ingredientsnetwork.com/saputo-comp309581.html
,,,,,,,,,,https://www.ingredientsnetwork.com/saputo-inc-comp251352.html
,,,,,,,,,,https://www.ingredientsnetwork.com/saraf-foods-pvt-ltd-comp250654.html
,,,,,,,,,,https://www.ingredientsnetwork.com/sarda-bio-polymers-comp270075.html
,,,,,,,,,,https://www.ingredientsnetwork.com/sarda-bio-polymers-comp476021.html
,,,,,,,,,,https://www.ingredientsnetwork.com/sarda-gums-chemicals-comp251353.html
,,,,,,,,,,https://www.ingredientsnetwork.com/sarda-udyog-comp284567.html
,,,,,,,,,,https://www.ingredientsnetwork.com/sari-mas-permai-comp314667.html
,,,,,,,,,,https://www.ingredientsnetwork.com/sari-mas-permai-comp322419.html
,,,,,,,,,,https://www.ingredientsnetwork.com/sarika-ventures-private-limited-comp475163.html
,,,,,,,,,,https://www.ingredientsnetwork.com/sarl-3e-comp328298.html
,,,,,,,,,,https://www.ingredientsnetwork.com/sarl-boublenza-comp251354.html
,,,,,,,,,,https://www.ingredientsnetwork.com/sarl-lesaffre-international-comp249700.html
,,,,,,,,,,https://www.ingredientsnetwork.com/saroj-agro-industries-comp322048.html
,,,,,,,,,,https://www.ingredientsnetwork.com/sas-arco-comp249177.html
,,,,,,,,,,https://www.ingredientsnetwork.com/sas-copalis-industrie-comp314871.html
,,,,,,,,,,https://www.ingredientsnetwork.com/sas-diana-comp478683.html
,,,,,,,,,,https://www.ingredientsnetwork.com/sas-dna-distribution-comp477766.html
,,,,,,,,,,https://www.ingredientsnetwork.com/sas-eurovanille-comp249914.html
,,,,,,,,,,https://www.ingredientsnetwork.com/sas-nutraveris-comp286776.html
,,,,,,,,,,https://www.ingredientsnetwork.com/sas-pharmanager-group-comp307556.html
,,,,,,,,,,https://www.ingredientsnetwork.com/sas-sairem-comp267982.html
,,,,,,,,,,https://www.ingredientsnetwork.com/sas-setalg-comp312841.html
,,,,,,,,,,https://www.ingredientsnetwork.com/saskatchewan-ministry-of-trade-and-export-comp302154.html
,,,,,,,,,,https://www.ingredientsnetwork.com/saskatchewan-trade-export-partnership-comp269932.html
,,,,,,,,,,https://www.ingredientsnetwork.com/sasl-sons-indonesia-pt-comp481101.html
,,,,,,,,,,https://www.ingredientsnetwork.com/sat-holistic-group-ltd-comp324187.html
,,,,,,,,,,https://www.ingredientsnetwork.com/satguru-gum-industries-comp319495.html
,,,,,,,,,,https://www.ingredientsnetwork.com/satnam-psyllium-industries-comp323287.html
,,,,,,,,,,https://www.ingredientsnetwork.com/sato-yakuhin-kogyo-co-ltd-comp289858.html
,,,,,,,,,,https://www.ingredientsnetwork.com/satoria-agro-industri-pt-comp289740.html
,,,,,,,,,,https://www.ingredientsnetwork.com/sattva-botanicals-comp481297.html
,,,,,,,,,,https://www.ingredientsnetwork.com/sattva-botanicals-comp481300.html
,,,,,,,,,,https://www.ingredientsnetwork.com/satya-anugerah-nutritama-pt-comp479856.html
,,,,,,,,,,https://www.ingredientsnetwork.com/satyavathi-biolife-sciences-limited-comp267944.html
,,,,,,,,,,https://www.ingredientsnetwork.com/savanna-ingredients-gmbh-comp316950.html
,,,,,,,,,,https://www.ingredientsnetwork.com/save-the-nature-international-private-limited-comp312909.html
,,,,,,,,,,https://www.ingredientsnetwork.com/savelife-bioscience-co-ltd-comp271600.html
,,,,,,,,,,https://www.ingredientsnetwork.com/savencia-ingredients-nutritional-solutions-comp272812.html
,,,,,,,,,,https://www.ingredientsnetwork.com/savo-life-science-comp312991.html
,,,,,,,,,,https://www.ingredientsnetwork.com/savour-route-pvt-ltd-comp302009.html
,,,,,,,,,,https://www.ingredientsnetwork.com/sayaji-industries-limited-comp269094.html
,,,,,,,,,,https://www.ingredientsnetwork.com/sayens-comp280719.html
,,,,,,,,,,https://www.ingredientsnetwork.com/shanghai-jinli-pharmaceutical-co-ltd-comp325261.html
,,,,,,,,,,https://www.ingredientsnetwork.com/smartcore-comp302788.html
,,,,,,,,,,https://www.ingredientsnetwork.com/taawhia-co-ltd-comp294159.html
,,,,,,,,,,https://www.ingredientsnetwork.com/tab-ilac-san-a-s-comp307608.html
,,,,,,,,,,https://www.ingredientsnetwork.com/tactus-nutrasciences-llp-comp319857.html
,,,,,,,,,,https://www.ingredientsnetwork.com/tainan-city-government-economic-development-comp283135.html
,,,,,,,,,,https://www.ingredientsnetwork.com/taisi-comp476649.html
,,,,,,,,,,https://www.ingredientsnetwork.com/taiwan-biotechnology-industry-alliance-comp250238.html
,,,,,,,,,,https://www.ingredientsnetwork.com/taiwan-farm-industry-co-ltd-comp283173.html
,,,,,,,,,,https://www.ingredientsnetwork.com/taiwan-fructose-co-ltd-comp269344.html
,,,,,,,,,,https://www.ingredientsnetwork.com/taiwan-leader-biotech-comp271599.html
,,,,,,,,,,https://www.ingredientsnetwork.com/taiwan-pavilion-comp478547.html
,,,,,,,,,,https://www.ingredientsnetwork.com/taixing-sanhua-food-additive-factory-comp277355.html
,,,,,,,,,,https://www.ingredientsnetwork.com/taiyo-comp249275.html
,,,,,,,,,,https://www.ingredientsnetwork.com/taiyo-kagaku-co-ltd-comp250571.html
,,,,,,,,,,https://www.ingredientsnetwork.com/taiyo-kagaku-india-pvt-ltd-comp305048.html
,,,,,,,,,,https://www.ingredientsnetwork.com/taizhou-better-foods-co-ltd-comp270049.html
,,,,,,,,,,https://www.ingredientsnetwork.com/taizhou-feifeng-plastic-industry-co-ltd-comp322432.html
,,,,,,,,,,https://www.ingredientsnetwork.com/taizhou-hugo-chemicals-co-ltd-comp251409.html
,,,,,,,,,,https://www.ingredientsnetwork.com/taizhou-pterodactyl-green-farm-produce-comp254905.html
,,,,,,,,,,https://www.ingredientsnetwork.com/taizhou-qihang-plastics-industry-co-ltd-comp319924.html
,,,,,,,,,,https://www.ingredientsnetwork.com/taj-food-pvt-ltd-comp263123.html
,,,,,,,,,,https://www.ingredientsnetwork.com/tajir-private-limited-comp269099.html
,,,,,,,,,,https://www.ingredientsnetwork.com/takabio-comp475429.html
,,,,,,,,,,https://www.ingredientsnetwork.com/takasago-international-singapore-comp272335.html
,,,,,,,,,,https://www.ingredientsnetwork.com/takshkabir-enterprises-comp481693.html
,,,,,,,,,,https://www.ingredientsnetwork.com/tamago-food-comp285192.html
,,,,,,,,,,https://www.ingredientsnetwork.com/tan-putra-tama-pt-comp479774.html
,,,,,,,,,,https://www.ingredientsnetwork.com/tanaka-comp476769.html
,,,,,,,,,,https://www.ingredientsnetwork.com/tanbo-food-ingredients-comp282605.html
,,,,,,,,,,https://www.ingredientsnetwork.com/tangerine-biosciences-comp479619.html
,,,,,,,,,,https://www.ingredientsnetwork.com/tangga-emas-kimia-pt-comp477303.html
,,,,,,,,,,https://www.ingredientsnetwork.com/tangshan-zhonghong-gaosheng-food-co-ltd-comp296187.html
,,,,,,,,,,https://www.ingredientsnetwork.com/tanin-d-d-comp308443.html
,,,,,,,,,,https://www.ingredientsnetwork.com/tanka-wanka-ltd-comp309068.html
,,,,,,,,,,https://www.ingredientsnetwork.com/tantus-sp-z-o-o-comp477934.html
,,,,,,,,,,https://www.ingredientsnetwork.com/tanya-exports-comp282197.html
,,,,,,,,,,https://www.ingredientsnetwork.com/tanzania-uganda-avocado-oil-comp477145.html
,,,,,,,,,,https://www.ingredientsnetwork.com/tanzanian-spices-comp477146.html
,,,,,,,,,,https://www.ingredientsnetwork.com/tapi-wellness-private-limited-comp481462.html
,,,,,,,,,,https://www.ingredientsnetwork.com/taprobane-food-beverage-products-pvt-ltd-comp306123.html
,,,,,,,,,,https://www.ingredientsnetwork.com/taradon-laboratory-comp282514.html
,,,,,,,,,,https://www.ingredientsnetwork.com/targedys-comp312847.html
,,,,,,,,,,https://www.ingredientsnetwork.com/target-agriculture-group-comp481838.html
,,,,,,,,,,https://www.ingredientsnetwork.com/target-institute-of-medical-education-and-comp481194.html
,,,,,,,,,,https://www.ingredientsnetwork.com/targeting-gut-disease-srl-comp319925.html
,,,,,,,,,,https://www.ingredientsnetwork.com/tartufi-jimmy-srl-comp292301.html
,,,,,,,,,,https://www.ingredientsnetwork.com/tasco-label-print-solutions-comp280626.html
,,,,,,,,,,https://www.ingredientsnetwork.com/tastarom-products-llp-comp250646.html
,,,,,,,,,,https://www.ingredientsnetwork.com/taste-legend-bio-tech-co-ltd-comp319794.html
,,,,,,,,,,https://www.ingredientsnetwork.com/taste-master-flavours-pvt-ltd-comp479655.html
,,,,,,,,,,https://www.ingredientsnetwork.com/tastetech-ltd-comp249278.html
,,,,,,,,,,https://www.ingredientsnetwork.com/tat-nisasta-comp249281.html
,,,,,,,,,,https://www.ingredientsnetwork.com/tata-chemicals-europe-ltd-comp251412.html
,,,,,,,,,,https://www.ingredientsnetwork.com/tata-chemicals-ltd-comp273070.html
,,,,,,,,,,https://www.ingredientsnetwork.com/tatarasa-primatama-comp480940.html
,,,,,,,,,,https://www.ingredientsnetwork.com/tate-and-lyle-asia-pacific-pte-ltd-comp272336.html
,,,,,,,,,,https://www.ingredientsnetwork.com/tate-lyle-comp282552.html
,,,,,,,,,,https://www.ingredientsnetwork.com/tate-lyle-ingredients-france-sas-comp249282.html
,,,,,,,,,,https://www.ingredientsnetwork.com/tate-lyle-plc-comp290771.html
,,,,,,,,,,https://www.ingredientsnetwork.com/tatua-co-operative-dairy-company-comp475491.html
,,,,,,,,,,https://www.ingredientsnetwork.com/tatua-co-operative-dairy-company-comp478885.html
,,,,,,,,,,https://www.ingredientsnetwork.com/taura-natural-ingredients-comp249283.html
,,,,,,,,,,https://www.ingredientsnetwork.com/tavil-comp324295.html
,,,,,,,,,,https://www.ingredientsnetwork.com/tavioka-organics-comp317847.html
,,,,,,,,,,https://www.ingredientsnetwork.com/tay-ninh-tapioca-joint-stock-company-comp289345.html
,,,,,,,,,,https://www.ingredientsnetwork.com/taylor-brothers-farms-inc-comp249284.html
,,,,,,,,,,https://www.ingredientsnetwork.com/taylor-francis-group-ltd-comp320792.html
,,,,,,,,,,https://www.ingredientsnetwork.com/uab-baltic-cocoa-comp481840.html
,,,,,,,,,,https://www.ingredientsnetwork.com/uab-dehidra-comp279531.html
,,,,,,,,,,https://www.ingredientsnetwork.com/uab-inobera-comp317903.html
,,,,,,,,,,https://www.ingredientsnetwork.com/uab-laboratorija-1-comp475468.html
,,,,,,,,,,https://www.ingredientsnetwork.com/uab-litamilk-comp316106.html
,,,,,,,,,,https://www.ingredientsnetwork.com/uab-lithempa-h-drop-comp320916.html
,,,,,,,,,,https://www.ingredientsnetwork.com/uab-vg-agroholding-comp277369.html
,,,,,,,,,,https://www.ingredientsnetwork.com/uelzena-eg-comp249295.html
,,,,,,,,,,https://www.ingredientsnetwork.com/valemis-ag-collasel-comp270217.html
,,,,,,,,,,https://www.ingredientsnetwork.com/valens-int-d-o-o-comp313038.html
,,,,,,,,,,https://www.ingredientsnetwork.com/valens-nutri-comp307622.html
,,,,,,,,,,https://www.ingredientsnetwork.com/valentis-comp307619.html
,,,,,,,,,,https://www.ingredientsnetwork.com/valeo-farma-societa-cooperativa-comp309074.html
,,,,,,,,,,https://www.ingredientsnetwork.com/valfoo-ag-comp312789.html
,,,,,,,,,,https://www.ingredientsnetwork.com/valid8food-comp323625.html
,,,,,,,,,,https://www.ingredientsnetwork.com/valio-continental-comp295291.html
,,,,,,,,,,https://www.ingredientsnetwork.com/valio-oy-comp279303.html
,,,,,,,,,,https://www.ingredientsnetwork.com/valley-media-inc-comp324413.html
,,,,,,,,,,https://www.ingredientsnetwork.com/valorex-food-comp322688.html
,,,,,,,,,,https://www.ingredientsnetwork.com/valsemoellen-a-s-comp475896.html
,,,,,,,,,,https://www.ingredientsnetwork.com/value-ingredients-pvt-ltd-comp273592.html
,,,,,,,,,,https://www.ingredientsnetwork.com/valuegrain-gmbh-comp481929.html
,,,,,,,,,,https://www.ingredientsnetwork.com/van-aroma-comp281366.html
,,,,,,,,,,https://www.ingredientsnetwork.com/van-drunen-farms-europe-comp268459.html
,,,,,,,,,,https://www.ingredientsnetwork.com/van-hees-gmbh-comp481178.html
,,,,,,,,,,https://www.ingredientsnetwork.com/van-wankum-ingredients-bv-comp318559.html
,,,,,,,,,,https://www.ingredientsnetwork.com/vandemoortele-europe-nv-comp251429.html
,,,,,,,,,,https://www.ingredientsnetwork.com/vaneeghen-comp249559.html
,,,,,,,,,,https://www.ingredientsnetwork.com/vanilla-fair-comp322689.html
,,,,,,,,,,https://www.ingredientsnetwork.com/vanilla-vida-comp314700.html
,,,,,,,,,,https://www.ingredientsnetwork.com/vanille-b-v-comp317251.html
,,,,,,,,,,https://www.ingredientsnetwork.com/vanna-extracts-pvt-ltd-comp323081.html
,,,,,,,,,,https://www.ingredientsnetwork.com/vanrijsingen-ingredients-b-v-comp282515.html
,,,,,,,,,,https://www.ingredientsnetwork.com/vantage-nutrition-llp-comp323204.html
,,,,,,,,,,https://www.ingredientsnetwork.com/varaahi-farms-pvt-ltd-comp273593.html
,,,,,,,,,,https://www.ingredientsnetwork.com/vasa-pharmachem-pvt-ltd-comp323599.html
,,,,,,,,,,https://www.ingredientsnetwork.com/vav-lipids-private-limited-comp317526.html
,,,,,,,,,,https://www.ingredientsnetwork.com/vaxa-technologies-comp475492.html
